,year,state,average_debt,inflation,overall_rpp,goods_rpp,housing_rpp,utilities_rpp,other_rpp,unemployment_rate,homeless_rate,drug_rate,poverty_rate
0,2017,Alaska,1.66,1.805090325,1.04864,1.0774299999999999,1.09381,1.2311400000000001,1.0179,6.50833333333333,0.002489935666540258,0.7904837222986222,0.0009703326527059326
1,2017,Alabama,1.45,1.199652405,0.90098,0.95451,0.6112,0.9370999999999999,0.99104,4.50833333333333,0.000777574529175855,0.8373764270481134,0.0009842170615800897
2,2017,Arkansas,1.28,4.019182125,0.88607,0.945,0.5764,0.8314900000000001,0.98283,3.74166666666667,0.0008212779911147508,0.8285090325598273,0.0009724171106794436
3,2017,California,1.78,1.749092425,1.10925,1.04455,1.6252099999999998,1.30675,1.03145,4.83333333333333,0.003343655470179625,0.840084641267931,0.0009977684305305956
4,2017,Colorado,1.78,2.19968155,1.0295699999999999,0.99613,1.28891,0.86072,0.98725,2.60833333333333,0.0019475129245253293,0.8413896697434641,0.000983903467445292
5,2017,Connecticut,1.45,2.3597645,1.0718,1.04396,1.21266,1.4459899999999999,1.04358,4.41666666666667,0.0009476064267182499,0.8573016039944912,0.0009937560903571256
6,2017,Florida,1.66,2.2567436,1.00871,0.9836100000000001,1.10486,0.87468,1.00122,4.3,0.00153453131652347,0.8604314926632575,0.000996801796474239
7,2017,Georgia,1.45,2.036950325,0.95292,0.97128,0.81732,0.99438,0.98634,4.75833333333333,0.0009766698399956764,0.8287434298697969,0.0009820456519712766
8,2017,Illinois,1.175,0.82275484675,1.0028,1.00041,0.99946,0.9142100000000001,1.0094400000000001,4.95,0.0008449210020772474,0.837779236492825,0.0009859237475618927
9,2017,Indiana,1.28,2.655847525,0.90884,0.9589799999999999,0.72821,0.88232,0.9401999999999999,3.49166666666667,0.000816263058257586,0.8333714095983409,0.0009804763325742096
10,2017,Kansas,1.175,0.7603087275,0.91563,0.9583499999999999,0.7316800000000001,0.9688500000000001,0.94801,3.61666666666667,0.0007856698221713482,0.8172058599219758,0.0009852649978082319
11,2017,Louisiana,1.36,1.47128556,0.92392,0.95792,0.70993,0.7781199999999999,0.9927800000000001,5.10833333333333,0.0007071525971115224,0.8192719088391507,0.000970328904054691
12,2017,Massachusetts,1.28,2.70499215,1.0725799999999999,1.03926,1.30601,1.4884700000000002,1.02986,3.79166666666667,0.0025591675457051445,0.8631833917092587,0.0009884083478544662
13,2017,Maryland,1.95,1.765439525,1.0674299999999999,1.01974,1.27739,1.08742,1.03771,4.0,0.0012021858648688013,0.8393785460501716,0.0009915088884118704
14,2017,Michigan,1.175,0.73917593,0.92704,0.97345,0.80999,1.01172,0.93305,4.575,0.0009072090796684131,0.8486832187469429,0.0009918057500076178
15,2017,Minnesota,1.28,1.119059765,0.96765,1.00157,0.95366,0.90617,0.9555400000000001,3.48333333333333,0.0013768379161195436,0.8391142989142408,0.0010089270019138909
16,2017,Missouri,1.28,2.27836155,0.91718,0.96014,0.70611,0.89974,0.96273,3.74166666666667,0.0009878289395099176,0.8343719963831422,0.0009798111131001138
17,2017,Mississippi,1.36,0.3368525525,0.8780800000000001,0.9377500000000001,0.59061,0.8717400000000001,0.96917,5.23333333333333,0.0004921967422728121,0.8198011551911041,0.0009857309756931046
18,2017,North Carolina,1.55,2.937679125,0.9305599999999999,0.9565,0.7548900000000001,0.85359,0.98942,4.525,0.0008721497723087678,0.838393041175162,0.0010023591446976466
19,2017,New Jersey,1.55,0.73525561313,1.09323,1.01818,1.4054499999999999,1.1057899999999998,1.06479,4.53333333333333,0.0009603801557287475,0.8522186908024811,0.0010142721536896273
20,2017,New York,0.7550000000000001,1.65626565,1.09945,1.0834000000000001,1.3096100000000002,1.28576,1.0547499999999999,4.63333333333333,0.00456791312416463,0.8538482663615505,0.001007459024513254
21,2017,Ohio,1.175,1.2906272925,0.91938,0.95309,0.74959,0.89005,0.9543699999999999,4.96666666666667,0.0008653569702510933,0.8402105281926358,0.0009849382454863854
22,2017,Oklahoma,1.28,1.9683689475,0.90916,0.9547100000000001,0.6605,0.83628,0.98661,4.03333333333333,0.0010674694592894757,0.8177273654019903,0.0009703574484658081
23,2017,Oregon,1.66,3.322564075,1.01486,1.00258,1.10216,0.94523,0.9998999999999999,4.05833333333333,0.003364362401122274,0.8558894064418872,0.0010131907696922379
24,2017,Pennsylvania,1.28,1.3359517,0.99123,1.00011,0.87854,1.08436,1.01516,4.975,0.0011049905980447029,0.8496737589118102,0.0009824396532339733
25,2017,South Carolina,1.66,2.046322675,0.92868,0.9558,0.7401099999999999,0.9453199999999999,0.99063,4.2,0.0007789776296562114,0.840873529122743,0.000985657342938337
26,2017,Tennessee,1.36,1.780488325,0.93074,0.95562,0.75141,0.8211499999999999,0.99012,3.75,0.0012374254402399017,0.840635866007183,0.0009976547146668794
27,2017,Texas,1.175,1.716565675,0.97372,0.9704200000000001,0.95244,0.8802800000000001,0.98836,4.34166666666667,0.0008323488043416173,0.8168020712152377,0.0009928944247475807
28,2017,Utah,1.66,-2.7827847225,0.98708,0.99187,0.95623,0.8512000000000001,1.0022,3.16666666666667,0.000918950617681744,0.8005931935789453,0.0010085257480167808
29,2017,Virginia,1.95,2.150088725,1.01267,0.98661,1.10864,0.91547,1.00624,3.66666666666667,0.0007162073098476676,0.8317723823047803,0.0009729653284596136
30,2017,Washington,1.66,2.77161675,1.0745099999999999,1.0581399999999999,1.25501,0.92706,1.04296,4.64166666666667,0.002842237381479765,0.841300649398468,0.0009996027168192143
31,2017,Wisconsin,1.175,2.1164517,0.9354,0.9741,0.8194400000000001,0.9699899999999999,0.94743,3.25833333333333,0.0008677494287647111,0.8456945767127954,0.0010027365091892196
32,2016,Alaska,1.66,0.485155934,1.04075,1.07481,1.08721,1.23393,1.0068300000000001,6.6,0.0026125307208026125,0.7881641585025082,0.0009534390465609535
33,2016,Alabama,1.45,0.4069522675,0.9057999999999999,0.9591500000000001,0.60512,0.9475,1.00623,5.90833333333333,0.0008446987193290737,0.8364031655962904,0.0009905844139833288
34,2016,Arkansas,1.36,0.55666830125,0.89275,0.94797,0.5931000000000001,0.8370000000000001,0.99587,3.98333333333333,0.0008232460897481963,0.827411120005749,0.0009830153268166647
35,2016,California,1.95,2.324667425,1.09866,1.04409,1.6008099999999998,1.29464,1.0175,5.51666666666667,0.0030177383509327627,0.8390789785514314,0.0009997653591060616
36,2016,Colorado,1.78,-0.3324851425,1.0271299999999999,0.99885,1.2618099999999999,0.8932800000000001,0.9845900000000001,3.13333333333333,0.0019030117009064468,0.838224343975047,0.000992452168567514
37,2016,Connecticut,1.45,1.1330254655,1.07521,1.03625,1.2708599999999999,1.4276499999999999,1.04132,4.86666666666667,0.0010899958936597548,0.8551230086344882,0.000996416030928843
38,2016,Florida,1.78,0.956650345,1.01055,0.97417,1.09395,0.89914,1.01359,4.91666666666667,0.0016269265728609218,0.8594184960399689,0.0009948011941686616
39,2016,Georgia,1.45,1.1512215375,0.94932,0.97028,0.8122799999999999,0.98095,0.98253,5.46666666666667,0.001252274592028553,0.8268856729271019,0.0009962708234668245
40,2016,Illinois,1.28,0.7290312875,0.99535,0.98261,1.01387,0.89691,1.0025,5.88333333333333,0.0009039356609949578,0.8354789521428072,0.0009811484568866755
41,2016,Indiana,1.28,0.304832025,0.91423,0.9702,0.7261,0.8371999999999999,0.94951,4.36666666666667,0.0008734692819925826,0.8316750272450707,0.000978171101755405
42,2016,Kansas,1.175,0.92881699225,0.92132,0.9652299999999999,0.73442,0.9272100000000001,0.95703,4.01666666666667,0.0007741221437725049,0.8147441603555401,0.0009814701592219918
43,2016,Louisiana,1.36,2.613968575,0.9358,0.95985,0.7291500000000001,0.78566,1.01132,6.06666666666667,0.0008531734249081354,0.8189302820171805,0.000976855801728819
44,2016,Massachusetts,1.36,0.5042726475,1.08185,1.0383799999999999,1.3053899999999998,1.33164,1.04933,4.04166666666667,0.0028720075930678103,0.8606185772372014,0.0009923424848548763
45,2016,Maryland,1.95,2.4761407575,1.07262,1.02526,1.28755,1.14101,1.03856,4.29166666666667,0.001280003675703103,0.8399500983350463,0.0009871793207074262
46,2016,Michigan,1.28,0.6936272125,0.93631,0.9777899999999999,0.82393,1.00027,0.94528,5.00833333333333,0.0009358941631889599,0.8465916163131295,0.0009920518314180957
47,2016,Minnesota,1.36,2.0953211,0.97273,0.9860800000000001,0.9528700000000001,0.90179,0.9740300000000001,3.875,0.0013286012133146075,0.8381271084599012,0.0009827413960357334
48,2016,Missouri,1.36,1.6508968775,0.91704,0.9636,0.7232500000000001,0.8524200000000001,0.95659,4.55,0.0010168460894929626,0.834005211295167,0.0009649695373005544
49,2016,Mississippi,1.45,0.067590745,0.88469,0.9424800000000001,0.59116,0.85788,0.9849,5.96666666666667,0.00058115525505794,0.818623718691431,0.000984085106809849
50,2016,North Carolina,1.66,-0.04714264025,0.93771,0.9572499999999999,0.7466200000000001,0.88402,1.00743,5.1,0.0009406796156823366,0.8353546939804574,0.0009899818949434362
51,2016,New Jersey,1.66,1.763839175,1.09111,1.03586,1.45622,1.1201,1.0392000000000001,4.94166666666667,0.0010024134554876586,0.8545906591970054,0.0009957645073287186
52,2016,New York,0.7550000000000001,0.20858390925,1.10138,1.08032,1.33735,1.24485,1.05463,4.875,0.004397549427488992,0.8557472704632944,0.0009910171375177852
53,2016,Ohio,1.28,0.02834005,0.92408,0.96219,0.75119,0.88452,0.9588899999999999,5.075,0.0008938098257225478,0.8385253168798099,0.0009828128033704294
54,2016,Oklahoma,1.28,0.85352432,0.9148000000000001,0.9559799999999999,0.66083,0.84914,1.00152,4.65833333333333,0.0010455322018572135,0.8156676068055567,0.000995635851342479
55,2016,Oregon,1.78,1.745491825,0.99595,1.00447,1.0648600000000001,0.9598399999999999,0.97104,4.75,0.003234088336687212,0.8554957636569873,0.001007507199010278
56,2016,Pennsylvania,1.36,0.94977181,0.97815,1.0042499999999999,0.8787,1.05311,0.9883799999999999,5.34166666666667,0.0011994399954709195,0.8487146388449344,0.0009797889786329372
57,2016,South Carolina,1.78,0.1646007375,0.93609,0.9578,0.73919,0.96899,1.00719,4.91666666666667,0.0010177248540256952,0.8393477695384132,0.0009868969184355287
58,2016,Tennessee,1.45,1.2491448025,0.93781,0.958,0.74562,0.83394,1.00827,4.75833333333333,0.0013198969160358228,0.8400466557023561,0.0010001087009306633
59,2016,Texas,1.175,1.03430733,0.98024,0.9829000000000001,0.95552,0.91925,0.9898600000000001,4.65,0.0008283279711617771,0.8132313517659056,0.0009908983514546647
60,2016,Utah,1.66,1.62299672,0.9708199999999999,0.95505,0.98991,0.90664,0.98095,3.35,0.0009220689163571478,0.7979217151335916,0.0010107609745746149
61,2016,Virginia,1.95,1.04989621,1.0280500000000001,0.99209,1.1176300000000001,0.94104,1.02941,4.0,0.0007446257869327203,0.8307909177988015,0.0009697479736330242
62,2016,Washington,1.78,-0.0155128325,1.05555,1.0267,1.23094,0.93601,1.0308199999999998,5.225,0.002853028940839547,0.8404587366973605,0.0009984984851288932
63,2016,Wisconsin,1.28,-0.115901989,0.93234,0.97453,0.79262,0.96677,0.95108,3.90833333333333,0.0009843866068011851,0.8445199015786549,0.0009980658578015885
64,2015,Alaska,1.55,0.947955285,1.03331,1.04554,1.14547,1.1697,0.99799,6.275,0.0026488631285294475,0.7899706133282776,0.0009520198258467289
65,2015,Alabama,1.45,-0.44837538647315,0.8970600000000001,0.9507800000000001,0.59246,0.9468300000000001,1.0007599999999999,6.125,0.0008177468787095995,0.8363993348442769,0.0009928312230177002
66,2015,Arkansas,1.28,0.77006256,0.8898,0.93843,0.59372,0.84455,0.99571,4.95,0.0008591376674143849,0.8265270165236337,0.000990357522085879
67,2015,California,1.95,1.2745543525,1.10644,1.05568,1.5804099999999999,1.29314,1.02667,6.225,0.0029749413792245463,0.838554076393003,0.0010045163135711285
68,2015,Colorado,1.78,-1.0597147475,1.03084,0.9989100000000001,1.23872,0.8916,0.99791,3.74166666666667,0.001824789414938009,0.8377504983198664,0.0009937062824237927
69,2015,Connecticut,1.45,-2.52595285,1.07612,1.0322,1.3241100000000001,1.39107,1.0343200000000001,5.61666666666667,0.0011277500925858583,0.8514084057648734,0.0009953850582447952
70,2015,Florida,1.78,0.528121952,1.01256,0.9729099999999999,1.09262,0.9239400000000001,1.01824,5.525,0.00177554789624529,0.8608736556221488,0.0009926252445025896
71,2015,Georgia,1.55,0.8556823,0.94667,0.9683499999999999,0.8045399999999999,0.98423,0.98054,6.075,0.0013541708708320335,0.8259534948852308,0.0009918147784919171
72,2015,Illinois,1.28,0.3199479775,0.98932,0.98658,1.03287,0.89377,0.98423,5.99166666666667,0.0010246831449070867,0.8336171035068395,0.0009860349303651712
73,2015,Indiana,1.28,0.163273755,0.91483,0.97712,0.73773,0.8521599999999999,0.9409000000000001,4.78333333333333,0.0008867959516244716,0.8310863197468873,0.0009834465764049659
74,2015,Kansas,1.175,-2.7657499,0.92873,0.97466,0.75063,0.9046299999999999,0.96005,4.15,0.0008891280052303264,0.8136758056520095,0.0009787966332693973
75,2015,Louisiana,1.175,2.87778935,0.9281,0.95317,0.71513,0.79067,1.00475,6.29166666666667,0.0008744379149080415,0.8196993013496042,0.0009854300344675528
76,2015,Massachusetts,1.36,-1.4383830025,1.04948,1.0220799999999999,1.3000399999999999,1.1774,1.00763,4.79166666666667,0.003109238653595948,0.8585433963507675,0.0009969865320756915
77,2015,Michigan,1.28,1.20414192,0.9372499999999999,0.9781799999999999,0.80739,0.99438,0.95238,5.425,0.001058535205103275,0.8455108333267066,0.0009916973032215164
78,2015,Minnesota,1.36,-2.10807144,0.9771299999999999,1.00308,0.97248,0.8607899999999999,0.96935,3.79166666666667,0.0013760024157540424,0.8370387173454714,0.000995258572115765
79,2015,Missouri,1.28,0.5923042175,0.9229600000000001,0.97451,0.73226,0.87952,0.9577100000000001,5.10833333333333,0.0010669237027750057,0.8334331619704411,0.0009786992188676618
80,2015,Mississippi,1.45,1.308497895,0.8823300000000001,0.93308,0.58588,0.90075,0.98795,6.48333333333333,0.0006631594682818819,0.8178394913302685,0.0009855425885157366
81,2015,North Carolina,1.66,-0.1397604275,0.93552,0.94818,0.75762,0.9096,1.00337,5.65833333333333,0.0010645380024624353,0.8339152342810527,0.0009850339008278988
82,2015,New Jersey,1.66,1.2673756405,1.0898999999999999,1.0388,1.45267,1.07424,1.0383799999999999,5.71666666666667,0.0011384041508348296,0.8513073722773223,0.0010074053764963396
83,2015,New York,0.7550000000000001,-0.22661344,1.09666,1.08195,1.3432499999999998,1.23181,1.04471,5.23333333333333,0.004489421523919765,0.8528191099896064,0.0009996275687821346
84,2015,Ohio,1.175,0.188782963,0.92269,0.96734,0.7557699999999999,0.91321,0.94825,4.95,0.0009621146905758448,0.8376561812341173,0.0009843133661409109
85,2015,Oklahoma,1.175,0.576195825,0.91327,0.9479500000000001,0.66381,0.85209,0.99909,4.29166666666667,0.0009658566972457357,0.8163291921939754,0.000993985962984955
86,2015,Oregon,1.78,1.3680601,1.0114400000000001,0.99279,1.05383,0.9940000000000001,1.01171,5.46666666666667,0.0032912434410291096,0.8583053256628896,0.0010026024364060398
87,2015,Pennsylvania,1.28,0.8758122325,0.98205,1.00579,0.88932,1.0363,0.99245,5.39166666666667,0.0012057228559110757,0.847946705814413,0.0009820296394684592
88,2015,South Carolina,1.78,-1.6902393875,0.93289,0.94989,0.74555,0.97761,1.00187,5.9,0.0010935444115060316,0.8378702967275775,0.0009783484742461508
89,2015,Tennessee,1.36,1.7176317,0.92777,0.9490999999999999,0.72763,0.8384,1.0014,5.56666666666667,0.0013832464489396627,0.8388357925897534,0.001001462544694341
90,2015,Texas,0.7550000000000001,-0.5530768125,0.9822299999999999,0.96965,0.9395600000000001,0.9105800000000001,1.0105,4.48333333333333,0.0008620045971879603,0.8126016276589382,0.0009975051086641656
91,2015,Utah,1.66,2.352693025,0.9765600000000001,0.97299,0.9361700000000001,0.92683,0.9970300000000001,3.50833333333333,0.0010138670195259057,0.7966993852446654,0.0010068286038531638
92,2015,Virginia,1.95,-0.771913725,1.0359099999999999,0.9859399999999999,1.14867,0.94536,1.04139,4.36666666666667,0.0008367092717928346,0.8300219317980955,0.000981917351385506
93,2015,Washington,1.78,0.6916146575,1.04344,1.03623,1.19583,0.95313,1.01112,5.43333333333333,0.0027093933869259037,0.8412032335247632,0.0010035875499334686
94,2015,Wisconsin,1.175,-0.0586104475,0.93314,0.98512,0.81187,0.9671599999999999,0.9383499999999999,4.425,0.0010510284096952817,0.843194439214656,0.0009953275479630402
95,2014,Alaska,1.55,2.19193601,1.0241200000000001,0.99985,1.16651,1.12926,1.00159,6.74166666666667,0.00242037784485975,0.7883933113997897,0.000941559542787369
96,2014,Alabama,1.55,1.221951255,0.90137,0.96138,0.5991299999999999,0.94269,0.99941,6.73333333333333,0.00094162833366056,0.836033830903701,0.0009837445757273774
97,2014,Arkansas,1.28,2.4535625475,0.89357,0.94652,0.60243,0.81277,0.99858,5.9,0.0009889654229258758,0.8254294134350414,0.0009738075741412489
98,2014,California,1.95,1.67846475,1.09887,1.04342,1.57934,1.2827600000000001,1.01832,7.56666666666667,0.002953141426479887,0.839129647397215,0.0010021586190850289
99,2014,Colorado,1.78,3.547834525,1.03076,1.0026300000000001,1.20755,0.96816,0.99995,4.98333333333333,0.0018734690956999326,0.8362997528134264,0.0010043647645076622
100,2014,Connecticut,1.45,4.4709617,1.0701,1.03441,1.27604,1.35631,1.03179,6.61666666666667,0.0012375903753848003,0.8500554968897546,0.0009948001736520067
101,2014,Florida,1.95,2.056063125,1.00856,0.98218,1.08211,0.9531499999999999,1.00498,6.43333333333333,0.002092386979270551,0.8606432092870512,0.0009917456940406611
102,2014,Georgia,1.55,1.687292575,0.94903,0.97108,0.7943000000000001,0.96783,0.9904000000000001,7.14166666666667,0.0016404195565892618,0.8241322487360995,0.000987766705946975
103,2014,Illinois,1.36,1.7692345825,0.9968600000000001,1.00542,1.0282200000000001,0.8840699999999999,0.98968,7.16666666666667,0.0010172220733852735,0.8333564090966522,0.0009910678169779462
104,2014,Indiana,1.28,1.943956425,0.92696,0.98316,0.75103,0.84447,0.9587699999999999,5.95,0.0009052429958130805,0.8297653478560325,0.0009808946881444702
105,2014,Kansas,1.175,0.1772407075,0.93188,0.97044,0.74101,0.8764799999999999,0.9758,4.50833333333333,0.000959039733467592,0.8139507715910583,0.0009824729716550861
106,2014,Louisiana,1.28,2.51315995,0.9337300000000001,0.9633799999999999,0.73137,0.80699,1.0012999999999999,6.25,0.00099140367348854,0.819932379640021,0.0009793501333853357
107,2014,Massachusetts,1.36,1.811260525,1.04535,1.04097,1.2989199999999999,1.09978,0.9929000000000001,5.74166666666667,0.003139309230754676,0.8568015558036348,0.0009834639691204436
108,2014,Michigan,1.28,2.73202765,0.95485,0.9862000000000001,0.8334,0.9934999999999999,0.97439,7.23333333333333,0.0012310671944001797,0.8440120970198146,0.0009960699888935125
109,2014,Minnesota,1.45,1.2051710475,0.9833799999999999,1.01122,0.9304600000000001,0.8717,0.98899,4.26666666666667,0.0015363129772322341,0.8362760228255358,0.000993459161712667
110,2014,Missouri,1.36,1.4348922925,0.9337300000000001,0.97693,0.7334099999999999,0.83074,0.9827800000000001,6.15,0.0012018227039195396,0.8327520617646428,0.000981989163460761
111,2014,Mississippi,1.45,2.89715915,0.8892,0.9404300000000001,0.5913,0.8863,0.99553,7.59166666666667,0.0007440108132245416,0.8159826624757845,0.000989674760987362
112,2014,North Carolina,1.66,0.4780494525,0.9378799999999999,0.9559799999999999,0.76334,0.90376,1.00167,6.10833333333333,0.0011563508983078394,0.8320689885929722,0.0009884983790860592
113,2014,New Jersey,1.66,1.3209415725,1.09154,1.02029,1.4753399999999999,1.11182,1.04614,6.73333333333333,0.0013161875962598214,0.8500188953158901,0.0010079757291894683
114,2014,New York,0.7550000000000001,1.6993016075,1.08954,1.07786,1.3579400000000001,1.3039699999999999,1.02851,6.29166666666667,0.004100556284548993,0.8521687638153359,0.0010003342418939472
115,2014,Ohio,1.28,2.328600875,0.9306399999999999,0.9728100000000001,0.75488,0.91863,0.9620000000000001,5.8,0.0010186469339399321,0.8374179010462434,0.0009916794561150824
116,2014,Oklahoma,1.175,3.44702805,0.91779,0.95844,0.6783,0.8386100000000001,0.99713,4.33333333333333,0.001080381017981345,0.8173952428691889,0.0009610261119146873
117,2014,Oregon,1.78,2.37930385,0.99747,0.99139,1.03018,0.9534600000000001,0.99362,6.64166666666667,0.0030674978129830006,0.8555877811505235,0.0009973654924652882
118,2014,Pennsylvania,1.28,0.91840551,0.9725,0.98438,0.88693,1.02342,0.9873099999999999,5.93333333333333,0.0011986030446846845,0.8472817280771259,0.000986523865122332
119,2014,South Carolina,1.78,0.057503305,0.9319799999999999,0.96045,0.73409,0.97358,0.9975,6.275,0.001047679463535078,0.8369050840111725,0.000986977449927054
120,2014,Tennessee,1.36,2.16861885,0.92747,0.95977,0.71925,0.8416,0.99803,6.6,0.0014385868569543488,0.8378780607024062,0.0009925714522331865
121,2014,Texas,0.7550000000000001,2.103035325,0.9836400000000001,0.97244,0.9356699999999999,0.9486199999999999,1.01068,5.19166666666667,0.001056814997330425,0.8130056078138219,0.0009895007590375762
122,2014,Utah,1.78,2.818721825,0.97934,0.96789,0.9498000000000001,0.9098,1.00465,3.63333333333333,0.0010485558618901164,0.791306073149789,0.0009964854149997601
123,2014,Virginia,1.95,1.2325739875,1.03455,0.98964,1.1523,0.9290999999999999,1.03599,5.11666666666667,0.0008442137087318395,0.8297187277146221,0.0009929733038459827
124,2014,Washington,1.95,1.30622515,1.03861,1.0226300000000001,1.17884,0.9040699999999999,1.01712,5.925,0.002613095146163722,0.8400755164943661,0.0010030419986819753
125,2014,Wisconsin,1.28,1.66691285,0.9383199999999999,0.96929,0.8062999999999999,0.95922,0.9615600000000001,5.35,0.0010524579455708032,0.8417012865364122,0.000998053430795632
126,2013,Alaska,1.55,3.93407255,1.0207899999999999,1.0019799999999999,1.1482599999999998,1.18266,0.9956900000000001,6.99166666666667,0.0026381933391718838,0.7848598070024647,0.0009435676074324928
127,2013,Alabama,1.55,1.36977374,0.9027299999999999,0.96143,0.61411,0.93464,0.9987999999999999,7.325,0.000970488779460823,0.8348896200957615,0.0009949114017633134
128,2013,Arkansas,1.28,-0.352084025,0.89445,0.95308,0.59939,0.8146599999999999,0.9970699999999999,7.04166666666667,0.0012876381669193865,0.8239968869692166,0.0009633641269816606
129,2013,California,1.95,1.33448585,1.0963800000000001,1.04288,1.55713,1.21443,1.01748,9.03333333333333,0.003099093401727119,0.8357553431076384,0.0009988558512719584
130,2013,Colorado,1.95,2.80145155,1.03118,1.0108199999999998,1.18017,0.83487,1.01023,6.75,0.001850582096671191,0.8315124116495983,0.0010061140925412472
131,2013,Connecticut,1.55,1.3222419875,1.07703,1.04285,1.29212,1.3415000000000001,1.03601,7.95,0.001237001472832689,0.8482937834001522,0.0010114600622060453
132,2013,Florida,1.95,1.385033075,1.00718,0.9853799999999999,1.07433,0.93628,1.00268,7.53333333333333,0.0024479740306688766,0.8571110367099949,0.0009953109906985988
133,2013,Georgia,1.66,0.6193003125,0.9478700000000001,0.9777899999999999,0.7938200000000001,0.97681,0.98426,8.14166666666667,0.0017012524168991674,0.8207125953026146,0.0009872095811456604
134,2013,Illinois,1.45,1.3600147775,1.00238,0.99925,1.0305,0.81253,1.00779,9.075,0.0010410383925653808,0.8317505931010909,0.0009809412041677516
135,2013,Indiana,1.28,1.788580425,0.92926,0.97222,0.75787,0.8613500000000001,0.9681399999999999,7.5,0.0009277726835170437,0.8287760203635146,0.0009979339707712033
136,2013,Kansas,1.175,2.543404225,0.9262999999999999,0.9629099999999999,0.75,0.895,0.96539,5.3,0.0009304475753427592,0.8120869044254477,0.0009535964752863035
137,2013,Louisiana,1.28,1.311763075,0.92889,0.9614400000000001,0.72153,0.79975,1.00095,6.41666666666667,0.0011296919179254827,0.8185333460151664,0.00098010393338579
138,2013,Massachusetts,1.36,1.51111295,1.03316,1.0092,1.29124,1.15453,0.98725,6.64166666666667,0.002833738238176972,0.8548732583805176,0.0010029548076158446
139,2013,Michigan,1.36,1.12642262,0.9523199999999999,0.9840300000000001,0.82705,1.05924,0.97053,8.725,0.0011626051634717465,0.8431170889746462,0.0010156531618079716
140,2013,Minnesota,1.45,1.6121893525,0.9748699999999999,0.98547,0.94856,0.85879,0.98268,5.04166666666667,0.0015169753867326891,0.8360519709045081,0.0009878623500892566
141,2013,Missouri,1.36,2.119232475,0.92837,0.9682200000000001,0.7504900000000001,0.87884,0.9667100000000001,6.775,0.0014199926559522117,0.8310228597139594,0.000985439490291973
142,2013,Mississippi,1.45,2.1702541875,0.88843,0.94574,0.5959300000000001,0.85351,0.9929399999999999,8.49166666666667,0.0008037222071155002,0.8140261064224529,0.0009682795628794728
143,2013,North Carolina,1.66,0.31352133,0.93683,0.9592700000000001,0.75956,0.89834,0.99967,7.73333333333333,0.001235741821360358,0.8292435945909687,0.0009822563195428487
144,2013,New Jersey,1.78,1.8312232225,1.09077,1.04804,1.47495,1.22732,1.02075,8.375,0.0013549607742129807,0.8466776422779372,0.0009853439124588317
145,2013,New York,1.175,1.852940275,1.09791,1.0742,1.35957,1.33834,1.0423099999999998,7.79166666666667,0.003945178577033242,0.8492515319093258,0.0009854029921196293
146,2013,Ohio,1.28,2.130531625,0.93285,0.9699,0.7757200000000001,0.95003,0.95987,7.45833333333333,0.0010643633699411004,0.837004213929006,0.0009741191734633357
147,2013,Oklahoma,1.175,1.9118544475,0.9146500000000001,0.95916,0.6724899999999999,0.81646,0.9955200000000001,5.11666666666667,0.001143779105324982,0.8156361972873649,0.0009592902342074542
148,2013,Oregon,1.95,1.184515375,1.00146,0.9851800000000001,1.01676,0.89526,1.01542,7.75,0.0035223273557571017,0.8528578454732411,0.001011439536608301
149,2013,Pennsylvania,1.28,1.7708868925,0.97858,0.98303,0.88956,1.1038299999999999,0.99634,7.1,0.0011804808593237094,0.8465450002965679,0.001001601153343728
150,2013,South Carolina,1.95,0.39075969875,0.93258,0.95903,0.74311,0.94664,0.9983,7.425,0.0013729240660119682,0.8351238621293876,0.0009810197024254222
151,2013,Tennessee,1.36,2.594421575,0.92944,0.9599500000000001,0.7346299999999999,0.82021,0.9981,7.725,0.0014665358769501288,0.8363308713036269,0.0009653771011997489
152,2013,Texas,0.7550000000000001,1.713448275,0.98048,0.9747199999999999,0.91437,0.9570000000000001,1.00916,6.3,0.0011184061901733883,0.8103180457926061,0.0009894392092703959
153,2013,Utah,1.78,1.4041218725,0.98575,0.9768600000000001,0.9804,0.87777,1.00283,4.20833333333333,0.0011304783092708536,0.7861978154205245,0.0010083576740917623
154,2013,Virginia,1.95,1.0977323975,1.03515,1.01297,1.15839,0.9247299999999999,1.0182200000000001,5.55,0.0009235862861547694,0.8281277991477812,0.000996867558695574
155,2013,Washington,1.95,1.31260956,1.0245,1.00932,1.15009,0.92128,1.00431,6.63333333333333,0.002549434042868389,0.8381241448055569,0.0009871879455408733
156,2013,Wisconsin,1.28,1.587772675,0.93911,0.96125,0.8252700000000001,0.9831699999999999,0.96073,6.64166666666667,0.00106378306633029,0.8404365484073578,0.0009785619130806976
157,2012,Alaska,1.55,2.0842,1.02597,1.0159399999999998,1.16476,1.1313,0.9956499999999999,7.25,0.0026176434367345823,0.7898482505712839,0.0009605779888069402
158,2012,Alabama,1.55,2.646067575,0.90515,0.95135,0.62322,0.95089,1.00731,8.15833333333333,0.0010814610707232772,0.8336196329717529,0.000998207876375027
159,2012,Arkansas,1.28,-0.185638475,0.89354,0.94388,0.60323,0.8178700000000001,1.0003199999999999,7.26666666666667,0.0014270832910017216,0.8226061642954191,0.0009851412656677761
160,2012,Colorado,1.95,2.649906875,1.03152,1.01394,1.15656,0.8569100000000001,1.01395,8.0,0.003228551734229811,0.8279082573753384,0.0009921712241463632
161,2012,Connecticut,1.55,2.726886175,1.07542,1.046,1.3126900000000001,1.35083,1.0264,8.35833333333333,0.0011707240548607578,0.8455512068693604,0.0009782457830708685
162,2012,Georgia,1.78,1.3964269925,0.95243,0.97142,0.80476,0.9802500000000001,0.99533,9.04166666666667,0.002071574117642307,0.8165984421794947,0.0009759097215350409
163,2012,Illinois,1.45,1.6484698,1.00982,1.01119,1.02296,0.8695499999999999,1.0131000000000001,9.05,0.0010978784569995147,0.8303341551121246,0.0009881216598984603
164,2012,Indiana,1.36,2.182396775,0.9278400000000001,0.97492,0.7497,0.85855,0.96514,8.225,0.0009571816071261169,0.827524407825124,0.0009700276296534526
165,2012,Kansas,1.175,1.92236031,0.93313,0.9695699999999999,0.75559,0.8698600000000001,0.97506,5.71666666666667,0.0009299991961258811,0.8108418363811251,0.0009798948310894159
166,2012,Louisiana,1.28,2.755185125,0.92878,0.95539,0.7311700000000001,0.75007,1.00467,6.76666666666667,0.001688806355926587,0.816985932625492,0.0009702162093685294
167,2012,Massachusetts,1.45,1.42904675,1.04444,1.01309,1.29316,1.27418,1.00218,6.7,0.00262609447487789,0.8532911861751079,0.0009852543467257998
168,2012,Michigan,1.45,2.067758375,0.9501900000000001,0.9823000000000001,0.83249,1.06399,0.96513,9.05833333333333,0.001272139053527332,0.8418311487975346,0.0009830992002759266
169,2012,Minnesota,1.55,1.8586113,0.97391,0.9960899999999999,0.94809,0.8565600000000001,0.9738,5.65,0.0014400743840074384,0.8349961878196188,0.000995443979544398
170,2012,Missouri,1.36,2.53251385,0.92456,0.9585899999999999,0.73626,0.89616,0.96858,7.19166666666667,0.0016987975659584664,0.8293487566517708,0.0009883792422436873
171,2012,Mississippi,1.45,2.33055605,0.88521,0.93341,0.59843,0.8486,0.99107,8.825,0.000808483819769423,0.8122722684018858,0.0009693094449204064
172,2012,North Carolina,1.78,1.07354975,0.93471,0.9548399999999999,0.75773,0.9052500000000001,0.99834,9.51666666666667,0.0013868194724876715,0.8265886025260951,0.0009879191657753792
173,2012,New Jersey,1.78,2.371812425,1.0942,1.0432599999999999,1.49431,1.26424,1.0256999999999998,9.38333333333333,0.001472471675693116,0.8432338259019582,0.0009857929375849497
174,2012,New York,1.175,1.7812729975,1.0973300000000001,1.0862699999999998,1.3622900000000002,1.31689,1.0347,8.625,0.003553934478170987,0.8468089534667848,0.000985983604472013
175,2012,Ohio,1.36,2.366087075,0.93037,0.96273,0.7629900000000001,0.9343699999999999,0.96454,7.40833333333333,0.0012100281439543048,0.8361465888885012,0.0009869300165328092
176,2012,Oklahoma,1.28,2.0063906,0.91179,0.95158,0.66015,0.82833,0.9986700000000001,5.11666666666667,0.0013175120178461088,0.8155776420933569,0.0009687588366515506
177,2012,Oregon,1.95,2.659876675,1.01112,1.00364,1.03285,0.9500799999999999,1.01274,8.80833333333333,0.004058355396858852,0.8488257486599069,0.000992794547424657
178,2012,Pennsylvania,1.36,1.933125375,0.9802500000000001,0.9976,0.88119,1.1014,0.9931300000000001,7.65833333333333,0.0011540338361530388,0.8457475897130915,0.000991454150766658
179,2012,South Carolina,1.95,1.77537568,0.9336,0.9521200000000001,0.75703,0.9498000000000001,0.99913,9.03333333333333,0.0010415282641951403,0.8320045636526343,0.0009889750577820385
180,2012,Tennessee,1.45,2.69586605,0.9336199999999999,0.95226,0.74658,0.8415,1.0064,7.95833333333333,0.001460093262566468,0.8342216367667159,0.000994771794207708
181,2012,Texas,1.175,2.324443475,0.97646,0.97517,0.91096,0.9311,1.00267,6.70833333333333,0.0013054686146206965,0.8065433681488967,0.0009990752994542274
182,2012,Utah,1.95,2.19230115,0.9942300000000001,0.9957299999999999,0.96813,0.89125,1.00972,4.775,0.0012357461741620787,0.7835811482664167,0.000998197008842575
183,2012,Virginia,1.95,1.7505098675,1.02471,0.9933700000000001,1.13388,0.94965,1.01717,5.95,0.0010288910254907019,0.8268261838597972,0.0009763716592797567
184,2012,Washington,1.95,2.368427825,1.02509,1.0036100000000001,1.13902,0.89864,1.01309,7.64166666666667,0.002972197688255253,0.8359508937974217,0.0009938249780861302
185,2012,Wisconsin,1.36,1.2288416225,0.94356,0.96807,0.84592,0.96217,0.95923,6.925,0.0010535193787609305,0.8388971870315908,0.0009837741934074194
186,2011,Alaska,1.66,3.289405865,1.03328,1.03569,1.09991,1.10704,1.01256,7.73333333333333,0.002945944411911694,0.7934544105411651,0.000985673130301281
187,2011,Alabama,1.66,4.561612075,0.89955,0.95863,0.60852,0.93093,0.9968699999999999,9.58333333333333,0.0011580030343929818,0.8324606293552728,0.0009927823783523854
188,2011,Arkansas,1.45,2.716322325,0.89335,0.9592,0.6101,0.7909099999999999,0.98839,7.90833333333333,0.001164214811233313,0.8218275316401896,0.0009891065671371808
189,2011,Colorado,1.95,5.30935155,1.03391,1.01647,1.18778,0.90995,1.00339,8.69166666666667,0.0029512485601046485,0.8247156328706144,0.0009793240789550753
190,2011,Connecticut,1.66,3.07453866,1.0787,1.03772,1.2983799999999999,1.38321,1.04008,9.01666666666667,0.0012416987866128374,0.8428732731581282,0.0009792032172705365
191,2011,Georgia,1.95,3.6984148,0.9361799999999999,0.96723,0.80915,0.9779800000000001,0.9592,10.1583333333333,0.0021395136291353306,0.8144660702209283,0.0009874913679932841
192,2011,Illinois,1.66,2.4641297,1.01998,1.0268000000000002,1.04199,0.90066,1.0166,9.75833333333333,0.0010886879270500598,0.8289302049933543,0.0009869610017514284
193,2011,Indiana,1.55,4.1763816,0.92437,0.9649899999999999,0.76827,0.8552599999999999,0.9573999999999999,8.90833333333333,0.0009507077371590779,0.8252756914342706,0.0009734167018297595
194,2011,Kansas,1.36,4.74498995,0.92786,0.9588500000000001,0.77669,0.8703799999999999,0.9622799999999999,6.38333333333333,0.0008750113688753124,0.8119025242213671,0.0009781588659629637
195,2011,Louisiana,1.36,3.263044125,0.9269,0.9614100000000001,0.72038,0.7844199999999999,0.99668,7.43333333333333,0.0020302676168491014,0.8156044564057336,0.0009820280561963041
196,2011,Massachusetts,1.66,3.68427325,1.04744,1.01491,1.28619,1.20235,1.0084,7.225,0.002519421041157095,0.8514447210539478,0.0009848480954211065
197,2011,Michigan,1.66,2.985790725,0.95209,0.98547,0.83855,1.04915,0.96494,10.0083333333333,0.0013341019217442223,0.8403450836497588,0.0009803650754478398
198,2011,Minnesota,1.66,2.7373784,0.9726600000000001,0.99253,0.92594,0.8283799999999999,0.98251,6.525,0.0014018202153884137,0.8327674306384221,0.000986791655288762
199,2011,Missouri,1.55,3.2441604,0.92522,0.95331,0.746,0.88664,0.971,8.64166666666667,0.001495379777221851,0.8278784438734346,0.0009801732837235672
200,2011,Mississippi,1.55,2.1670201725,0.88833,0.95304,0.60393,0.82242,0.98384,9.775,0.0007740470678351891,0.8104212380255154,0.0009841743290948718
201,2011,North Carolina,1.95,2.529509925,0.93521,0.96273,0.7634399999999999,0.87327,0.99465,10.2333333333333,0.001335139885823591,0.8240201563053731,0.0009839616528278079
202,2011,New Jersey,1.95,3.73771645,1.09277,1.02163,1.4575299999999998,1.28254,1.0440099999999999,9.35,0.0016012818410085822,0.83969670224517,0.0009788694680622598
203,2011,New York,1.28,3.076864025,1.10978,1.07954,1.3713499999999998,1.38302,1.05483,8.35833333333333,0.0032536029248528752,0.8450051669440096,0.0009912860672615033
204,2011,Ohio,1.55,3.127185725,0.9223600000000001,0.9477500000000001,0.75587,0.93136,0.96143,8.81666666666667,0.0011285552630473504,0.8338445322017177,0.000979582503842328
205,2011,Oklahoma,1.36,3.168238405,0.9087000000000001,0.96203,0.66054,0.80919,0.98764,5.59166666666667,0.0012206953925545235,0.8145765018380373,0.0009931841647962535
206,2011,Pennsylvania,1.45,3.111034775,0.98473,1.0043600000000001,0.88654,1.13686,0.99396,7.74166666666667,0.001184273822684649,0.84532117700626,0.0009963087935940013
207,2011,South Carolina,1.95,2.8537418,0.93143,0.9598300000000001,0.7526999999999999,0.91157,0.99458,10.45,0.0010899584925486688,0.8296334739029524,0.0009855210795575535
208,2011,Tennessee,1.66,4.179260675,0.9283899999999999,0.96036,0.7322299999999999,0.83315,0.9967900000000001,9.10833333333333,0.001423839952452214,0.834025071957587,0.0009880789925719084
209,2011,Texas,1.28,3.29039915,0.96925,0.96429,0.8967400000000001,0.94434,1.0006300000000001,8.01666666666667,0.0014392776215277345,0.8059803776911539,0.0009962759944199186
210,2011,Utah,1.95,4.000777375,0.99824,1.00003,0.9704900000000001,0.83065,1.01972,7.05833333333333,0.0011119807218779897,0.7799599757993205,0.0009990063226584368
211,2011,Wisconsin,1.45,2.638958525,0.93773,0.95434,0.86288,0.9671599999999999,0.9495399999999999,7.53333333333333,0.0010138735050404498,0.8369729960882184,0.0009947702704597395
212,2010,Alaska,1.78,0.657305905,1.03183,1.04099,1.1368099999999999,1.06097,1.00022,8.13333333333333,0.0026093094783902113,0.7896613640119778,0.0009734138955884042
213,2010,Alabama,1.78,2.970627225,0.8968200000000001,0.9630299999999999,0.61501,0.9295399999999999,0.98245,10.375,0.0012633961576541204,0.8305316837438987,0.000985683042615694
214,2010,Arkansas,1.55,0.768170705,0.88492,0.96536,0.5982999999999999,0.78891,0.9726699999999999,7.85833333333333,0.0009452436312413629,0.8221285572406278,0.000985284726409806
215,2010,Connecticut,1.78,1.491222095,1.07003,1.0362,1.28575,1.4662899999999999,1.02358,9.55833333333333,0.0012058651537659678,0.840389386039736,0.0009893346870911241
216,2010,Georgia,1.95,2.185298225,0.94463,0.96443,0.8146599999999999,0.93122,0.9839199999999999,10.6583333333333,0.0020423777947941608,0.8119187921100133,0.0009935947630451527
217,2010,Illinois,1.95,2.86960875,1.01745,1.0219,1.04957,0.90754,1.01227,10.4666666666667,0.0011210583351407592,0.8277900198161371,0.0009952848574573743
218,2010,Indiana,1.66,2.224055225,0.93073,0.96501,0.7656000000000001,0.82748,0.97923,10.0833333333333,0.0009940598300145365,0.8241168898499435,0.0009845074881886064
219,2010,Kansas,1.45,3.11601195,0.9299299999999999,0.95513,0.75306,0.8981100000000001,0.97637,6.93333333333333,0.0007081216373843442,0.8105669661256161,0.0009677195894293953
220,2010,Louisiana,1.45,3.6136211,0.92131,0.96681,0.71454,0.80084,0.9826999999999999,7.51666666666667,0.0027465352002966135,0.8151037432048999,0.0009721352759902611
221,2010,Massachusetts,1.78,3.341244,1.04709,0.99779,1.29096,1.14165,1.0182200000000001,8.05833333333333,0.002535011360798241,0.8502135099079562,0.0009947551489086933
222,2010,Michigan,1.95,2.70775545,0.96195,0.98244,0.8679300000000001,1.04787,0.97809,12.1916666666667,0.0013219814495367649,0.8383098642311485,0.0009871834212308926
223,2010,Minnesota,1.95,1.71162325,0.9759099999999999,0.98197,0.9295399999999999,0.8363700000000001,0.9951099999999999,7.39166666666667,0.0014816602880020728,0.8317578414644203,0.0009823130921980956
224,2010,Missouri,1.66,1.567490265,0.93124,0.96497,0.7448,0.8720600000000001,0.9799800000000001,9.50833333333333,0.0013545496072523272,0.8265299264237072,0.000988811206771614
225,2010,Mississippi,1.66,1.6272044325,0.8821800000000001,0.9647100000000001,0.59997,0.8203400000000001,0.9648,10.0833333333333,0.0009233778190711351,0.8090698390737272,0.0009829614406444457
226,2010,North Carolina,1.95,2.1652044,0.92813,0.96809,0.75389,0.87598,0.97993,10.7166666666667,0.0012732665412373966,0.8211728423557948,0.0009774835173029935
227,2010,New Jersey,1.95,2.169645025,1.08867,1.00171,1.50352,1.3036500000000002,1.03752,9.65833333333333,0.001561120119880206,0.8374706558397791,0.00099244827887558
228,2010,New York,1.36,2.550748325,1.10132,1.08266,1.35218,1.40655,1.0404,8.71666666666667,0.0033817602472912827,0.8446386682526497,0.0009855692456209695
229,2010,Ohio,1.66,2.588657575,0.93155,0.9448099999999999,0.7629,0.94191,0.98167,10.2666666666667,0.0010892201178756456,0.8321491780066795,0.0009827158991733487
230,2010,Oklahoma,1.45,0.094064303,0.90456,0.96871,0.65683,0.81211,0.9756100000000001,6.5,0.001390686311274373,0.8135972366060339,0.0009832410198472666
231,2010,Pennsylvania,1.55,1.739641525,0.9906900000000001,0.9993099999999999,0.88479,1.1033499999999998,1.0123,8.16666666666667,0.0011419665141684562,0.8448679870661042,0.0009857288800310523
232,2010,Tennessee,1.78,2.385166925,0.92269,0.96658,0.73386,0.8020499999999999,0.9815,9.825,0.0016168627010418348,0.8322569458539808,0.0009936247525378734
233,2010,Texas,1.36,1.6394886,0.9759099999999999,0.97992,0.89263,0.98071,1.00267,8.19166666666667,0.0013913772011667745,0.8043918806894743,0.0009983401802170415
234,2010,Utah,1.95,1.09083211,0.9729099999999999,0.9879399999999999,0.92605,0.80269,0.99236,7.93333333333333,0.001183247322110259,0.7772828764583866,0.00099732904616358
235,2010,Wisconsin,1.55,3.137300025,0.9485800000000001,0.95627,0.8579600000000001,0.9968899999999999,0.97199,8.5,0.0011129000456547343,0.8350038256488227,0.0009886587173304176
236,2009,Alaska,1.78,3.3519755,1.06224,1.0572,1.1966700000000001,1.0387,1.03559,7.98333333333333,0.00285021355139184,0.7940892408730925,0.0009844111061032058
237,2009,Alabama,1.78,1.3691731325,0.87725,0.9398399999999999,0.60149,0.90967,0.9652299999999999,10.0833333333333,0.0012778644866746898,0.8165011818144751,0.0009783649976103093
238,2009,Arkansas,1.45,-0.532948405,0.8633,0.9377200000000001,0.57419,0.7946899999999999,0.95757,7.725,0.0009845200447521664,0.8171578508051697,0.000982448824461664
239,2009,Connecticut,1.78,-1.72644791925,1.10829,1.08556,1.36641,1.57069,1.04403,8.325,0.0012928830787294202,0.8265947593454671,0.0009747861127792719
240,2009,Illinois,1.95,0.0471626125,1.01521,1.01679,1.03929,0.89927,1.01435,10.1833333333333,0.0010983233435791415,0.8291834085111112,0.0009971259953091317
241,2009,Indiana,1.66,0.4895061675,0.9257299999999999,0.94692,0.7519499999999999,0.88137,0.98363,10.4333333333333,0.0010812275276441423,0.8164481582827927,0.0009818363373881947
242,2009,Kansas,1.36,-0.163132416,0.91814,0.93667,0.74661,0.87601,0.9687300000000001,6.89166666666667,0.0006679130611599377,0.8077218798716703,0.0009662146133164637
243,2009,Louisiana,1.36,-0.855063785,0.90144,0.94024,0.71036,0.73089,0.96711,6.79166666666667,0.002783833461571343,0.81282771935824,0.0009907276794619703
244,2009,Massachusetts,1.78,-0.0803219305,1.05482,0.9781,1.3026200000000001,1.42576,1.03283,8.075,0.002375409524928835,0.8568544956566154,0.0010161695700557857
245,2009,Michigan,1.95,1.87765805,0.96044,0.9774200000000001,0.85048,1.03344,0.98676,13.1333333333333,0.001414419157486913,0.8401307426250993,0.0009894369500820625
246,2009,Minnesota,1.95,0.87866513,0.9864799999999999,0.99724,0.95863,0.84138,0.9974599999999999,7.90833333333333,0.0014614094553835556,0.827302037054815,0.0009846241471876767
247,2009,Missouri,1.66,1.3694943675,0.90473,0.9153199999999999,0.7237399999999999,0.83042,0.96878,9.025,0.0011674043396104872,0.8286562788537931,0.0010003207468166884
248,2009,Mississippi,1.66,3.38854075,0.85588,0.92944,0.58121,0.81717,0.94523,9.35833333333333,0.0009453239754033258,0.8008583960789165,0.0009622228666332745
249,2009,North Carolina,1.95,0.5012630925,0.91214,0.9428,0.75265,0.8553499999999999,0.96434,11.0333333333333,0.0013670469098792473,0.8091087992824221,0.0009879818819192331
250,2009,New Jersey,1.95,1.6050313275,1.11124,1.04485,1.4913999999999998,1.34975,1.04955,8.95833333333333,0.001504065625641732,0.8287050964628132,0.0009890810477680462
251,2009,New York,1.45,0.629026905,1.11204,1.09507,1.3300899999999998,1.45798,1.0539,8.36666666666667,0.0031629352693982606,0.8491756852128646,0.0009923827887675942
252,2009,Ohio,1.66,0.6984697995,0.93518,0.93961,0.76126,0.99685,0.99157,10.1416666666667,0.0011015798910841072,0.8310563301117471,0.0009922892877167076
253,2009,Oklahoma,1.45,1.4001099465,0.88408,0.94176,0.64275,0.7534099999999999,0.95992,6.55833333333333,0.0013013870343331615,0.8024702682288333,0.0009769817504543287
254,2009,Pennsylvania,1.55,0.7204682275,0.99598,1.01735,0.8684099999999999,1.1185800000000001,1.0167,7.975,0.001191771471662507,0.8364693122793355,0.0009789325813867968
255,2009,Tennessee,1.78,0.3777016675,0.90449,0.9400700000000001,0.7321500000000001,0.79704,0.96194,10.1166666666667,0.0016701503753794589,0.8273519315434984,0.0009895307958951599
256,2009,Texas,1.36,-0.13430821,0.9665300000000001,0.9606,0.8819899999999999,0.9618099999999999,1.00213,7.54166666666667,0.001482193139430704,0.7936319925024679,0.0009930746449818624
257,2009,Wisconsin,1.55,0.7870316425,0.9422400000000001,0.9487099999999999,0.83685,0.98383,0.9728,8.95833333333333,0.0011509430501031527,0.8320998986817336,0.0009780811054133306
258,2008,Alaska,1.78,3.360289025,1.0392400000000002,1.05925,1.05954,0.89925,1.02939,6.475,0.0023943385385225215,0.7965423191336161,0.000977518528485501
259,2008,Alabama,1.66,4.474919275,0.8885200000000001,0.95966,0.59878,0.90904,0.9762000000000001,5.88333333333333,0.0011417475201379508,0.8180450366092537,0.000999532449409797
260,2008,Arkansas,1.55,2.8412936,0.8806499999999999,0.9594199999999999,0.5867,0.8122,0.97041,5.44166666666667,0.0011323495749253623,0.8159599715294964,0.0009817175116557213
261,2008,Connecticut,1.66,2.98011315,1.10466,1.09357,1.31478,1.54489,1.04704,5.65,0.0013050054730130115,0.8259237771884367,0.0009682480632923424
262,2008,Illinois,1.78,3.457715025,1.00238,0.99357,1.03045,0.94202,1.00381,6.50833333333333,0.00115509187310809,0.8312051788031071,0.0009955253918596618
263,2008,Indiana,1.66,4.45811385,0.9196500000000001,0.92829,0.76021,0.85756,0.98327,5.94166666666667,0.001151007516802842,0.8161583400339247,0.0009787065944092319
264,2008,Kansas,1.36,4.1892707,0.89865,0.8869400000000001,0.73583,0.85383,0.96682,4.60833333333333,0.000618929117303093,0.8100539301642833,0.0009672102891802074
265,2008,Louisiana,1.36,3.824615925,0.9143600000000001,0.9643999999999999,0.6774,0.8783,0.97589,4.66666666666667,0.0012356879113605281,0.8140687611512887,0.0009752939070508384
266,2008,Massachusetts,1.66,4.6055026,1.0623,0.98493,1.26539,1.50037,1.05039,5.33333333333333,0.0022423982066997715,0.8533255773294253,0.0009924304761486649
267,2008,Michigan,1.78,2.20204885,0.95858,0.95329,0.8775400000000001,0.95813,0.99303,8.21666666666667,0.0028398829020812436,0.8376974951665792,0.0009858358729045835
268,2008,Minnesota,1.78,4.396535975,0.96757,0.96184,0.9760800000000001,0.84764,0.97637,5.43333333333333,0.0014568274780075083,0.8270735873214081,0.0009757923452902201
269,2008,Missouri,1.55,2.677282325,0.88468,0.87386,0.73202,0.7836799999999999,0.95693,6.21666666666667,0.0012976213707284168,0.8264165123205663,0.0009893793227317876
270,2008,Mississippi,1.55,5.66225005,0.8803799999999999,0.96016,0.59335,0.85772,0.9647199999999999,6.70833333333333,0.0006652405212554693,0.8013030708262349,0.0009837825148602045
271,2008,North Carolina,1.95,3.800503625,0.9240900000000001,0.96613,0.74274,0.85354,0.97638,6.20833333333333,0.001333161608168217,0.8114742344042059,0.0009918954387096379
272,2008,New Jersey,1.95,4.486656775,1.07563,1.0369,1.53352,1.3252099999999998,0.98712,5.45,0.0015878609909896464,0.8303714001347707,0.0009774896138141152
273,2008,New York,1.175,3.469597975,1.11455,1.12059,1.3088499999999998,1.4759200000000001,1.05088,5.40833333333333,0.0031815330445342798,0.8521882389094231,0.0010050781691608498
274,2008,Ohio,1.55,4.282892475,0.9255,0.92251,0.77132,0.98792,0.9782299999999999,6.6,0.001121281943444213,0.8296881104601659,0.000989111008041325
275,2008,Oklahoma,1.36,4.9941215,0.89494,0.96747,0.61909,0.7885500000000001,0.9724200000000001,3.61666666666667,0.0010482488847024347,0.8057602448203531,0.0009675724234772863
276,2008,Pennsylvania,1.45,4.728889125,0.99232,1.01806,0.86603,1.09034,1.0093,5.35,0.0012192873852755468,0.8337853925755722,0.0009657250847090753
277,2008,Tennessee,1.66,4.448565,0.9166200000000001,0.9648399999999999,0.7253000000000001,0.7928400000000001,0.97269,6.51666666666667,0.0015534434984347915,0.8269678431593503,0.0009864886430554992
278,2008,Texas,1.28,4.55419105,0.96977,0.97116,0.87981,1.01426,0.9976999999999999,4.86666666666667,0.001653294480295992,0.7970041514187377,0.0009942803580182665
279,2008,Wisconsin,1.45,3.9785477,0.9327599999999999,0.91232,0.8458100000000001,0.99114,0.9748699999999999,4.98333333333333,0.0009659641666117119,0.8328062987458243,0.0009835142588294691
