"state","year","unemployment_rate"
"Alaska",1976,7.56666666666667
"Alaska",1977,9.89166666666667
"Alaska",1978,10.6333333333333
"Alaska",1979,9.05833333333333
"Alaska",1980,9.53333333333333
"Alaska",1981,9.18333333333333
"Alaska",1982,10.0583333333333
"Alaska",1983,10.1
"Alaska",1984,9.89166666666667
"Alaska",1985,9.84166666666667
"Alaska",1986,11.1
"Alaska",1987,10.1416666666667
"Alaska",1988,8.73333333333333
"Alaska",1989,7.1
"Alaska",1990,7.25833333333333
"Alaska",1991,8.34166666666667
"Alaska",1992,8.85833333333333
"Alaska",1993,7.8
"Alaska",1994,7.61666666666667
"Alaska",1995,7.325
"Alaska",1996,7.425
"Alaska",1997,6.93333333333333
"Alaska",1998,6.325
"Alaska",1999,6.40833333333333
"Alaska",2000,6.31666666666667
"Alaska",2001,6.28333333333333
"Alaska",2002,7.16666666666667
"Alaska",2003,7.68333333333333
"Alaska",2004,7.41666666666667
"Alaska",2005,6.93333333333333
"Alaska",2006,6.63333333333333
"Alaska",2007,6.25833333333333
"Alaska",2008,6.475
"Alaska",2009,7.98333333333333
"Alaska",2010,8.13333333333333
"Alaska",2011,7.73333333333333
"Alaska",2012,7.25
"Alaska",2013,6.99166666666667
"Alaska",2014,6.74166666666667
"Alaska",2015,6.275
"Alaska",2016,6.6
"Alaska",2017,6.50833333333333
"Alaska",2018,6.04166666666667
"Alaska",2019,5.60833333333333
"Alaska",2020,8.35
"Alaska",2021,6.38333333333333
"Alaska",2022,4.23333333333333
"Alaska",2023,4.21666666666667
"Alaska",2024,4.56
"Alabama",1976,6.7
"Alabama",1977,7.15
"Alabama",1978,6.40833333333333
"Alabama",1979,7.225
"Alabama",1980,8.81666666666667
"Alabama",1981,10.6916666666667
"Alabama",1982,13.95
"Alabama",1983,13.8166666666667
"Alabama",1984,11.2833333333333
"Alabama",1985,9.54166666666667
"Alabama",1986,9.56666666666667
"Alabama",1987,8.18333333333333
"Alabama",1988,7.275
"Alabama",1989,7
"Alabama",1990,6.825
"Alabama",1991,7.325
"Alabama",1992,7.525
"Alabama",1993,7.24166666666667
"Alabama",1994,6.175
"Alabama",1995,5.83333333333333
"Alabama",1996,5.20833333333333
"Alabama",1997,4.93333333333333
"Alabama",1998,4.45833333333333
"Alabama",1999,4.725
"Alabama",2000,4.625
"Alabama",2001,5.18333333333333
"Alabama",2002,5.925
"Alabama",2003,5.98333333333333
"Alabama",2004,5.575
"Alabama",2005,4.45833333333333
"Alabama",2006,4
"Alabama",2007,4.04166666666667
"Alabama",2008,5.88333333333333
"Alabama",2009,10.0833333333333
"Alabama",2010,10.375
"Alabama",2011,9.58333333333333
"Alabama",2012,8.15833333333333
"Alabama",2013,7.325
"Alabama",2014,6.73333333333333
"Alabama",2015,6.125
"Alabama",2016,5.90833333333333
"Alabama",2017,4.50833333333333
"Alabama",2018,3.94166666666667
"Alabama",2019,3.18333333333333
"Alabama",2020,6.40833333333333
"Alabama",2021,3.375
"Alabama",2022,2.51666666666667
"Alabama",2023,2.49166666666667
"Alabama",2024,2.93
"Arkansas",1976,6.91666666666667
"Arkansas",1977,6.475
"Arkansas",1978,6.225
"Arkansas",1979,6.28333333333333
"Arkansas",1980,7.53333333333333
"Arkansas",1981,8.6
"Arkansas",1982,9.46666666666667
"Arkansas",1983,9.7
"Arkansas",1984,8.53333333333333
"Arkansas",1985,8.49166666666667
"Arkansas",1986,8.54166666666667
"Arkansas",1987,8.14166666666667
"Arkansas",1988,7.7
"Arkansas",1989,7.04166666666667
"Arkansas",1990,6.875
"Arkansas",1991,7.30833333333333
"Arkansas",1992,7
"Arkansas",1993,6.13333333333333
"Arkansas",1994,5.44166666666667
"Arkansas",1995,4.86666666666667
"Arkansas",1996,5.16666666666667
"Arkansas",1997,5.10833333333333
"Arkansas",1998,5.05
"Arkansas",1999,4.53333333333333
"Arkansas",2000,4.175
"Arkansas",2001,4.75833333333333
"Arkansas",2002,5.33333333333333
"Arkansas",2003,5.75833333333333
"Arkansas",2004,5.58333333333333
"Arkansas",2005,5.25833333333333
"Arkansas",2006,5.25
"Arkansas",2007,5.39166666666667
"Arkansas",2008,5.44166666666667
"Arkansas",2009,7.725
"Arkansas",2010,7.85833333333333
"Arkansas",2011,7.90833333333333
"Arkansas",2012,7.26666666666667
"Arkansas",2013,7.04166666666667
"Arkansas",2014,5.9
"Arkansas",2015,4.95
"Arkansas",2016,3.98333333333333
"Arkansas",2017,3.74166666666667
"Arkansas",2018,3.65833333333333
"Arkansas",2019,3.49166666666667
"Arkansas",2020,6.18333333333333
"Arkansas",2021,4.04166666666667
"Arkansas",2022,3.20833333333333
"Arkansas",2023,3.225
"Arkansas",2024,3.41
"Arizona",1976,9.75833333333333
"Arizona",1977,8.4
"Arizona",1978,5.95
"Arizona",1979,5.075
"Arizona",1980,6.60833333333333
"Arizona",1981,6.19166666666667
"Arizona",1982,9.95833333333333
"Arizona",1983,9.10833333333333
"Arizona",1984,4.95833333333333
"Arizona",1985,6.35833333333333
"Arizona",1986,7.05
"Arizona",1987,6.50833333333333
"Arizona",1988,6.40833333333333
"Arizona",1989,5.24166666666667
"Arizona",1990,5.21666666666667
"Arizona",1991,5.85833333333333
"Arizona",1992,7.56666666666667
"Arizona",1993,6.36666666666667
"Arizona",1994,6.19166666666667
"Arizona",1995,5.3
"Arizona",1996,5.49166666666667
"Arizona",1997,4.625
"Arizona",1998,4.275
"Arizona",1999,4.45833333333333
"Arizona",2000,3.98333333333333
"Arizona",2001,4.725
"Arizona",2002,6.14166666666667
"Arizona",2003,5.78333333333333
"Arizona",2004,4.96666666666667
"Arizona",2005,4.66666666666667
"Arizona",2006,4.30833333333333
"Arizona",2007,3.75
"Arizona",2008,5.79166666666667
"Arizona",2009,9.66666666666667
"Arizona",2010,10.3
"Arizona",2011,9.43333333333333
"Arizona",2012,8.35
"Arizona",2013,7.81666666666667
"Arizona",2014,6.79166666666667
"Arizona",2015,6.075
"Arizona",2016,5.48333333333333
"Arizona",2017,4.975
"Arizona",2018,4.80833333333333
"Arizona",2019,4.80833333333333
"Arizona",2020,7.825
"Arizona",2021,5.06666666666667
"Arizona",2022,3.775
"Arizona",2023,3.90833333333333
"Arizona",2024,3.63
"California",1976,9.15
"California",1977,8.39166666666667
"California",1978,7.13333333333333
"California",1979,6.21666666666667
"California",1980,6.9
"California",1981,7.43333333333333
"California",1982,10.0583333333333
"California",1983,9.825
"California",1984,7.75833333333333
"California",1985,7.18333333333333
"California",1986,6.76666666666667
"California",1987,5.825
"California",1988,5.275
"California",1989,5.09166666666667
"California",1990,5.79166666666667
"California",1991,7.825
"California",1992,9.35
"California",1993,9.53333333333333
"California",1994,8.65
"California",1995,7.89166666666667
"California",1996,7.35
"California",1997,6.40833333333333
"California",1998,5.93333333333333
"California",1999,5.26666666666667
"California",2000,4.925
"California",2001,5.46666666666667
"California",2002,6.75833333333333
"California",2003,6.89166666666667
"California",2004,6.21666666666667
"California",2005,5.38333333333333
"California",2006,4.91666666666667
"California",2007,5.30833333333333
"California",2008,7.3
"California",2009,11.5416666666667
"California",2010,12.4583333333333
"California",2011,11.8916666666667
"California",2012,10.525
"California",2013,9.03333333333333
"California",2014,7.56666666666667
"California",2015,6.225
"California",2016,5.51666666666667
"California",2017,4.83333333333333
"California",2018,4.25833333333333
"California",2019,4.1
"California",2020,10.1916666666667
"California",2021,7.325
"California",2022,4.275
"California",2023,4.74166666666667
"California",2024,5.27
"Colorado",1976,5.91666666666667
"Colorado",1977,6.35
"Colorado",1978,5.55833333333333
"Colorado",1979,4.61666666666667
"Colorado",1980,5.88333333333333
"Colorado",1981,5.64166666666667
"Colorado",1982,7.60833333333333
"Colorado",1983,7.11666666666667
"Colorado",1984,5.49166666666667
"Colorado",1985,5.98333333333333
"Colorado",1986,7.51666666666667
"Colorado",1987,7.54166666666667
"Colorado",1988,6.41666666666667
"Colorado",1989,5.58333333333333
"Colorado",1990,5.13333333333333
"Colorado",1991,5.28333333333333
"Colorado",1992,6.09166666666667
"Colorado",1993,5.38333333333333
"Colorado",1994,4.14166666666667
"Colorado",1995,4.025
"Colorado",1996,4.16666666666667
"Colorado",1997,3.35833333333333
"Colorado",1998,3.61666666666667
"Colorado",1999,3.01666666666667
"Colorado",2000,2.74166666666667
"Colorado",2001,3.81666666666667
"Colorado",2002,5.68333333333333
"Colorado",2003,6.10833333333333
"Colorado",2004,5.56666666666667
"Colorado",2005,5.075
"Colorado",2006,4.275
"Colorado",2007,3.7
"Colorado",2008,4.875
"Colorado",2009,7.875
"Colorado",2010,9.14166666666667
"Colorado",2011,8.69166666666667
"Colorado",2012,8
"Colorado",2013,6.75
"Colorado",2014,4.98333333333333
"Colorado",2015,3.74166666666667
"Colorado",2016,3.13333333333333
"Colorado",2017,2.60833333333333
"Colorado",2018,3.05
"Colorado",2019,2.66666666666667
"Colorado",2020,6.78333333333333
"Colorado",2021,5.48333333333333
"Colorado",2022,3.06666666666667
"Colorado",2023,3.15
"Colorado",2024,3.79
"Connecticut",1976,9.175
"Connecticut",1977,6.99166666666667
"Connecticut",1978,5.29166666666667
"Connecticut",1979,5.08333333333333
"Connecticut",1980,5.66666666666667
"Connecticut",1981,6.2
"Connecticut",1982,6.85833333333333
"Connecticut",1983,6.00833333333333
"Connecticut",1984,4.65
"Connecticut",1985,4.39166666666667
"Connecticut",1986,3.75833333333333
"Connecticut",1987,3.13333333333333
"Connecticut",1988,2.875
"Connecticut",1989,3.6
"Connecticut",1990,4.93333333333333
"Connecticut",1991,6.55
"Connecticut",1992,7.33333333333333
"Connecticut",1993,6.48333333333333
"Connecticut",1994,5.54166666666667
"Connecticut",1995,5.30833333333333
"Connecticut",1996,5.2
"Connecticut",1997,4.68333333333333
"Connecticut",1998,3.24166666666667
"Connecticut",1999,2.45833333333333
"Connecticut",2000,2.10833333333333
"Connecticut",2001,2.875
"Connecticut",2002,4.4
"Connecticut",2003,5.45
"Connecticut",2004,5.09166666666667
"Connecticut",2005,4.8
"Connecticut",2006,4.425
"Connecticut",2007,4.45
"Connecticut",2008,5.65
"Connecticut",2009,8.325
"Connecticut",2010,9.55833333333333
"Connecticut",2011,9.01666666666667
"Connecticut",2012,8.35833333333333
"Connecticut",2013,7.95
"Connecticut",2014,6.61666666666667
"Connecticut",2015,5.61666666666667
"Connecticut",2016,4.86666666666667
"Connecticut",2017,4.41666666666667
"Connecticut",2018,3.88333333333333
"Connecticut",2019,3.59166666666667
"Connecticut",2020,8
"Connecticut",2021,6.38333333333333
"Connecticut",2022,4.09166666666667
"Connecticut",2023,3.70833333333333
"Connecticut",2024,3.92
"District of Columbia",1976,8.61666666666667
"District of Columbia",1977,8.625
"District of Columbia",1978,7.79166666666667
"District of Columbia",1979,6.84166666666667
"District of Columbia",1980,7.43333333333333
"District of Columbia",1981,8.68333333333333
"District of Columbia",1982,10.3416666666667
"District of Columbia",1983,10.9
"District of Columbia",1984,8.88333333333333
"District of Columbia",1985,7.96666666666667
"District of Columbia",1986,7.36666666666667
"District of Columbia",1987,6.26666666666667
"District of Columbia",1988,5.025
"District of Columbia",1989,4.80833333333333
"District of Columbia",1990,5.89166666666667
"District of Columbia",1991,7.7
"District of Columbia",1992,8.58333333333333
"District of Columbia",1993,8.4
"District of Columbia",1994,7.93333333333333
"District of Columbia",1995,8.60833333333333
"District of Columbia",1996,8.425
"District of Columbia",1997,8.14166666666667
"District of Columbia",1998,8.31666666666667
"District of Columbia",1999,6.575
"District of Columbia",2000,5.69166666666667
"District of Columbia",2001,6.46666666666667
"District of Columbia",2002,6.98333333333333
"District of Columbia",2003,7.275
"District of Columbia",2004,8.08333333333333
"District of Columbia",2005,6.99166666666667
"District of Columbia",2006,6.325
"District of Columbia",2007,5.95
"District of Columbia",2008,6.85
"District of Columbia",2009,10
"District of Columbia",2010,9.95
"District of Columbia",2011,10.1916666666667
"District of Columbia",2012,8.975
"District of Columbia",2013,8.43333333333333
"District of Columbia",2014,7.70833333333333
"District of Columbia",2015,6.91666666666667
"District of Columbia",2016,6.23333333333333
"District of Columbia",2017,6.1
"District of Columbia",2018,5.68333333333333
"District of Columbia",2019,5.5
"District of Columbia",2020,7.89166666666667
"District of Columbia",2021,6.875
"District of Columbia",2022,4.75
"District of Columbia",2023,4.875
"District of Columbia",2024,5.38
"Delaware",1976,8.6
"Delaware",1977,8.18333333333333
"Delaware",1978,7.075
"Delaware",1979,6.975
"Delaware",1980,7.51666666666667
"Delaware",1981,7.78333333333333
"Delaware",1982,8.35833333333333
"Delaware",1983,7.9
"Delaware",1984,6.21666666666667
"Delaware",1985,5.15
"Delaware",1986,4.175
"Delaware",1987,3.03333333333333
"Delaware",1988,2.98333333333333
"Delaware",1989,3.30833333333333
"Delaware",1990,4.40833333333333
"Delaware",1991,5.91666666666667
"Delaware",1992,5.225
"Delaware",1993,4.90833333333333
"Delaware",1994,4.7
"Delaware",1995,4.26666666666667
"Delaware",1996,4.95
"Delaware",1997,4.00833333333333
"Delaware",1998,3.49166666666667
"Delaware",1999,3.28333333333333
"Delaware",2000,3.60833333333333
"Delaware",2001,3.575
"Delaware",2002,4.26666666666667
"Delaware",2003,4.46666666666667
"Delaware",2004,4.3
"Delaware",2005,4.50833333333333
"Delaware",2006,3.90833333333333
"Delaware",2007,3.60833333333333
"Delaware",2008,5.03333333333333
"Delaware",2009,8.34166666666667
"Delaware",2010,8.65833333333333
"Delaware",2011,7.60833333333333
"Delaware",2012,7.06666666666667
"Delaware",2013,6.60833333333333
"Delaware",2014,5.60833333333333
"Delaware",2015,4.79166666666667
"Delaware",2016,4.525
"Delaware",2017,4.46666666666667
"Delaware",2018,3.70833333333333
"Delaware",2019,3.55
"Delaware",2020,7.475
"Delaware",2021,5.475
"Delaware",2022,4.23333333333333
"Delaware",2023,3.98333333333333
"Delaware",2024,4.03
"Florida",1976,9.3
"Florida",1977,8.275
"Florida",1978,6.75833333333333
"Florida",1979,5.99166666666667
"Florida",1980,5.98333333333333
"Florida",1981,6.8
"Florida",1982,8.48333333333333
"Florida",1983,8.64166666666667
"Florida",1984,6.59166666666667
"Florida",1985,6.075
"Florida",1986,5.84166666666667
"Florida",1987,5.4
"Florida",1988,5.19166666666667
"Florida",1989,5.60833333333333
"Florida",1990,6.23333333333333
"Florida",1991,7.64166666666667
"Florida",1992,8.36666666666667
"Florida",1993,7.4
"Florida",1994,6.475
"Florida",1995,5.6
"Florida",1996,5.28333333333333
"Florida",1997,4.925
"Florida",1998,4.45
"Florida",1999,3.93333333333333
"Florida",2000,3.75833333333333
"Florida",2001,4.425
"Florida",2002,4.95833333333333
"Florida",2003,4.46666666666667
"Florida",2004,3.75
"Florida",2005,2.875
"Florida",2006,2.46666666666667
"Florida",2007,3.3
"Florida",2008,5.69166666666667
"Florida",2009,9.55833333333333
"Florida",2010,10.825
"Florida",2011,10
"Florida",2012,8.66666666666667
"Florida",2013,7.53333333333333
"Florida",2014,6.43333333333333
"Florida",2015,5.525
"Florida",2016,4.91666666666667
"Florida",2017,4.3
"Florida",2018,3.65
"Florida",2019,3.25
"Florida",2020,8.19166666666667
"Florida",2021,4.69166666666667
"Florida",2022,2.99166666666667
"Florida",2023,2.90833333333333
"Florida",2024,3.25
"Georgia",1976,8.15833333333333
"Georgia",1977,6.93333333333333
"Georgia",1978,5.69166666666667
"Georgia",1979,5.13333333333333
"Georgia",1980,6.30833333333333
"Georgia",1981,6.45
"Georgia",1982,7.8
"Georgia",1983,7.64166666666667
"Georgia",1984,6.1
"Georgia",1985,6.34166666666667
"Georgia",1986,5.91666666666667
"Georgia",1987,5.55833333333333
"Georgia",1988,5.61666666666667
"Georgia",1989,5.4
"Georgia",1990,5.35
"Georgia",1991,5.29166666666667
"Georgia",1992,6.58333333333333
"Georgia",1993,5.73333333333333
"Georgia",1994,5.05
"Georgia",1995,4.73333333333333
"Georgia",1996,4.60833333333333
"Georgia",1997,4.48333333333333
"Georgia",1998,4.18333333333333
"Georgia",1999,3.81666666666667
"Georgia",2000,3.53333333333333
"Georgia",2001,4.09166666666667
"Georgia",2002,5.30833333333333
"Georgia",2003,5.14166666666667
"Georgia",2004,5.08333333333333
"Georgia",2005,5.68333333333333
"Georgia",2006,5.075
"Georgia",2007,4.90833333333333
"Georgia",2008,6.78333333333333
"Georgia",2009,10.4083333333333
"Georgia",2010,10.6583333333333
"Georgia",2011,10.1583333333333
"Georgia",2012,9.04166666666667
"Georgia",2013,8.14166666666667
"Georgia",2014,7.14166666666667
"Georgia",2015,6.075
"Georgia",2016,5.46666666666667
"Georgia",2017,4.75833333333333
"Georgia",2018,4
"Georgia",2019,3.575
"Georgia",2020,6.5
"Georgia",2021,3.93333333333333
"Georgia",2022,3.14166666666667
"Georgia",2023,3.2
"Georgia",2024,3.31
"Hawaii",1976,9.2
"Hawaii",1977,7.61666666666667
"Hawaii",1978,6.94166666666667
"Hawaii",1979,5.725
"Hawaii",1980,4.975
"Hawaii",1981,5.175
"Hawaii",1982,6.11666666666667
"Hawaii",1983,5.9
"Hawaii",1984,5.45
"Hawaii",1985,5.225
"Hawaii",1986,4.675
"Hawaii",1987,3.7
"Hawaii",1988,3.075
"Hawaii",1989,2.475
"Hawaii",1990,2.6
"Hawaii",1991,2.79166666666667
"Hawaii",1992,4.14166666666667
"Hawaii",1993,4.38333333333333
"Hawaii",1994,5.175
"Hawaii",1995,5.525
"Hawaii",1996,5.91666666666667
"Hawaii",1997,5.925
"Hawaii",1998,5.825
"Hawaii",1999,5.19166666666667
"Hawaii",2000,4.25
"Hawaii",2001,4.275
"Hawaii",2002,4.05
"Hawaii",2003,3.90833333333333
"Hawaii",2004,3.29166666666667
"Hawaii",2005,2.825
"Hawaii",2006,2.55
"Hawaii",2007,2.725
"Hawaii",2008,4.03333333333333
"Hawaii",2009,6.65833333333333
"Hawaii",2010,6.825
"Hawaii",2011,6.83333333333333
"Hawaii",2012,5.9
"Hawaii",2013,4.75833333333333
"Hawaii",2014,4.23333333333333
"Hawaii",2015,3.41666666666667
"Hawaii",2016,2.89166666666667
"Hawaii",2017,2.21666666666667
"Hawaii",2018,2.40833333333333
"Hawaii",2019,2.51666666666667
"Hawaii",2020,11.7916666666667
"Hawaii",2021,5.95833333333333
"Hawaii",2022,3.25833333333333
"Hawaii",2023,2.93333333333333
"Hawaii",2024,2.99
"Iowa",1976,4.08333333333333
"Iowa",1977,4.00833333333333
"Iowa",1978,3.84166666666667
"Iowa",1979,4.175
"Iowa",1980,5.93333333333333
"Iowa",1981,6.51666666666667
"Iowa",1982,8.4
"Iowa",1983,8.23333333333333
"Iowa",1984,7.025
"Iowa",1985,7.375
"Iowa",1986,6.76666666666667
"Iowa",1987,5.61666666666667
"Iowa",1988,4.64166666666667
"Iowa",1989,4.3
"Iowa",1990,4.44166666666667
"Iowa",1991,4.69166666666667
"Iowa",1992,4.48333333333333
"Iowa",1993,4.14166666666667
"Iowa",1994,3.6
"Iowa",1995,3.50833333333333
"Iowa",1996,3.58333333333333
"Iowa",1997,3.14166666666667
"Iowa",1998,2.84166666666667
"Iowa",1999,2.65833333333333
"Iowa",2000,2.68333333333333
"Iowa",2001,3.325
"Iowa",2002,4
"Iowa",2003,4.45
"Iowa",2004,4.525
"Iowa",2005,4.29166666666667
"Iowa",2006,3.7
"Iowa",2007,3.71666666666667
"Iowa",2008,4.18333333333333
"Iowa",2009,6.4
"Iowa",2010,6.11666666666667
"Iowa",2011,5.65
"Iowa",2012,5.05833333333333
"Iowa",2013,4.725
"Iowa",2014,4.225
"Iowa",2015,3.69166666666667
"Iowa",2016,3.575
"Iowa",2017,3.05833333333333
"Iowa",2018,2.575
"Iowa",2019,2.65833333333333
"Iowa",2020,5.2
"Iowa",2021,3.85
"Iowa",2022,2.80833333333333
"Iowa",2023,2.95833333333333
"Iowa",2024,2.89
"Idaho",1976,5.65
"Idaho",1977,5.85
"Idaho",1978,5.49166666666667
"Idaho",1979,5.825
"Idaho",1980,7.55
"Idaho",1981,7.65
"Idaho",1982,9.88333333333333
"Idaho",1983,9.075
"Idaho",1984,7.2
"Idaho",1985,7.80833333333333
"Idaho",1986,8.38333333333333
"Idaho",1987,7.625
"Idaho",1988,6.19166666666667
"Idaho",1989,5.48333333333333
"Idaho",1990,5.625
"Idaho",1991,6.34166666666667
"Idaho",1992,6.51666666666667
"Idaho",1993,6.075
"Idaho",1994,5.5
"Idaho",1995,5.5
"Idaho",1996,5.425
"Idaho",1997,5.21666666666667
"Idaho",1998,5.23333333333333
"Idaho",1999,5.00833333333333
"Idaho",2000,4.65833333333333
"Idaho",2001,5.08333333333333
"Idaho",2002,5.61666666666667
"Idaho",2003,5.56666666666667
"Idaho",2004,4.86666666666667
"Idaho",2005,3.99166666666667
"Idaho",2006,3.425
"Idaho",2007,3.025
"Idaho",2008,5.03333333333333
"Idaho",2009,8.70833333333333
"Idaho",2010,8.75833333333333
"Idaho",2011,8.16666666666667
"Idaho",2012,7.4
"Idaho",2013,6.81666666666667
"Idaho",2014,4.38333333333333
"Idaho",2015,3.86666666666667
"Idaho",2016,3.675
"Idaho",2017,3.21666666666667
"Idaho",2018,2.875
"Idaho",2019,2.88333333333333
"Idaho",2020,5.54166666666667
"Idaho",2021,3.55
"Idaho",2022,2.84166666666667
"Idaho",2023,3.08333333333333
"Idaho",2024,3.42
"Illinois",1976,6.55
"Illinois",1977,6.19166666666667
"Illinois",1978,5.98333333333333
"Illinois",1979,5.58333333333333
"Illinois",1980,8.21666666666667
"Illinois",1981,8.625
"Illinois",1982,11.4
"Illinois",1983,11.7083333333333
"Illinois",1984,9.13333333333333
"Illinois",1985,9.05833333333333
"Illinois",1986,8.30833333333333
"Illinois",1987,7.46666666666667
"Illinois",1988,6.74166666666667
"Illinois",1989,6.06666666666667
"Illinois",1990,6.3
"Illinois",1991,7.28333333333333
"Illinois",1992,7.86666666666667
"Illinois",1993,7.49166666666667
"Illinois",1994,5.8
"Illinois",1995,5.2
"Illinois",1996,5.28333333333333
"Illinois",1997,4.775
"Illinois",1998,4.45
"Illinois",1999,4.40833333333333
"Illinois",2000,4.44166666666667
"Illinois",2001,5.43333333333333
"Illinois",2002,6.55
"Illinois",2003,6.725
"Illinois",2004,6.175
"Illinois",2005,5.71666666666667
"Illinois",2006,4.6
"Illinois",2007,5.06666666666667
"Illinois",2008,6.50833333333333
"Illinois",2009,10.1833333333333
"Illinois",2010,10.4666666666667
"Illinois",2011,9.75833333333333
"Illinois",2012,9.05
"Illinois",2013,9.075
"Illinois",2014,7.16666666666667
"Illinois",2015,5.99166666666667
"Illinois",2016,5.88333333333333
"Illinois",2017,4.95
"Illinois",2018,4.4
"Illinois",2019,3.96666666666667
"Illinois",2020,9.30833333333333
"Illinois",2021,6.1
"Illinois",2022,4.56666666666667
"Illinois",2023,4.45833333333333
"Illinois",2024,5.01
"Indiana",1976,6.03333333333333
"Indiana",1977,5.76666666666667
"Indiana",1978,5.55
"Indiana",1979,6.43333333333333
"Indiana",1980,9.71666666666667
"Indiana",1981,9.7
"Indiana",1982,11.9833333333333
"Indiana",1983,11.1
"Indiana",1984,8.46666666666667
"Indiana",1985,7.675
"Indiana",1986,6.80833333333333
"Indiana",1987,6.13333333333333
"Indiana",1988,5.175
"Indiana",1989,4.71666666666667
"Indiana",1990,5.10833333333333
"Indiana",1991,5.7
"Indiana",1992,6.09166666666667
"Indiana",1993,5.11666666666667
"Indiana",1994,4.65833333333333
"Indiana",1995,4.43333333333333
"Indiana",1996,3.96666666666667
"Indiana",1997,3.41666666666667
"Indiana",1998,3.00833333333333
"Indiana",1999,2.95
"Indiana",2000,3.05
"Indiana",2001,4.24166666666667
"Indiana",2002,5.19166666666667
"Indiana",2003,5.275
"Indiana",2004,5.4
"Indiana",2005,5.39166666666667
"Indiana",2006,5
"Indiana",2007,4.625
"Indiana",2008,5.94166666666667
"Indiana",2009,10.4333333333333
"Indiana",2010,10.0833333333333
"Indiana",2011,8.90833333333333
"Indiana",2012,8.225
"Indiana",2013,7.5
"Indiana",2014,5.95
"Indiana",2015,4.78333333333333
"Indiana",2016,4.36666666666667
"Indiana",2017,3.49166666666667
"Indiana",2018,3.43333333333333
"Indiana",2019,3.30833333333333
"Indiana",2020,7.35
"Indiana",2021,3.91666666666667
"Indiana",2022,3.06666666666667
"Indiana",2023,3.34166666666667
"Indiana",2024,3.85
"Kansas",1976,4.15
"Kansas",1977,3.875
"Kansas",1978,3.04166666666667
"Kansas",1979,3.10833333333333
"Kansas",1980,4.4
"Kansas",1981,4.325
"Kansas",1982,6.3
"Kansas",1983,5.89166666666667
"Kansas",1984,4.98333333333333
"Kansas",1985,5.13333333333333
"Kansas",1986,5.35833333333333
"Kansas",1987,4.81666666666667
"Kansas",1988,4.49166666666667
"Kansas",1989,4.15
"Kansas",1990,4.25
"Kansas",1991,4.45
"Kansas",1992,4.56666666666667
"Kansas",1993,4.94166666666667
"Kansas",1994,4.78333333333333
"Kansas",1995,4.35833333333333
"Kansas",1996,4.25
"Kansas",1997,3.79166666666667
"Kansas",1998,3.675
"Kansas",1999,3.48333333333333
"Kansas",2000,3.775
"Kansas",2001,4.26666666666667
"Kansas",2002,5.08333333333333
"Kansas",2003,5.55
"Kansas",2004,5.50833333333333
"Kansas",2005,5.06666666666667
"Kansas",2006,4.425
"Kansas",2007,4.23333333333333
"Kansas",2008,4.60833333333333
"Kansas",2009,6.89166666666667
"Kansas",2010,6.93333333333333
"Kansas",2011,6.38333333333333
"Kansas",2012,5.71666666666667
"Kansas",2013,5.3
"Kansas",2014,4.50833333333333
"Kansas",2015,4.15
"Kansas",2016,4.01666666666667
"Kansas",2017,3.61666666666667
"Kansas",2018,3.35833333333333
"Kansas",2019,3.15833333333333
"Kansas",2020,5.81666666666667
"Kansas",2021,3.35
"Kansas",2022,2.625
"Kansas",2023,2.65
"Kansas",2024,2.99
"Kentucky",1976,5.45
"Kentucky",1977,4.825
"Kentucky",1978,5.075
"Kentucky",1979,5.55
"Kentucky",1980,8.01666666666667
"Kentucky",1981,8.625
"Kentucky",1982,10.825
"Kentucky",1983,11.25
"Kentucky",1984,9.05833333333333
"Kentucky",1985,9
"Kentucky",1986,9.23333333333333
"Kentucky",1987,8.275
"Kentucky",1988,7.45833333333333
"Kentucky",1989,6.35
"Kentucky",1990,6.04166666666667
"Kentucky",1991,7.31666666666667
"Kentucky",1992,6.88333333333333
"Kentucky",1993,6.18333333333333
"Kentucky",1994,5.375
"Kentucky",1995,5.38333333333333
"Kentucky",1996,5.41666666666667
"Kentucky",1997,5.20833333333333
"Kentucky",1998,4.50833333333333
"Kentucky",1999,4.5
"Kentucky",2000,4.15
"Kentucky",2001,5.20833333333333
"Kentucky",2002,5.78333333333333
"Kentucky",2003,6.175
"Kentucky",2004,5.49166666666667
"Kentucky",2005,5.89166666666667
"Kentucky",2006,5.70833333333333
"Kentucky",2007,5.38333333333333
"Kentucky",2008,6.46666666666667
"Kentucky",2009,10.8
"Kentucky",2010,10.3083333333333
"Kentucky",2011,9.38333333333333
"Kentucky",2012,8.20833333333333
"Kentucky",2013,7.925
"Kentucky",2014,6.40833333333333
"Kentucky",2015,5.23333333333333
"Kentucky",2016,5.025
"Kentucky",2017,4.78333333333333
"Kentucky",2018,4.23333333333333
"Kentucky",2019,4.10833333333333
"Kentucky",2020,6.48333333333333
"Kentucky",2021,4.46666666666667
"Kentucky",2022,4.05
"Kentucky",2023,4.175
"Kentucky",2024,4.91
"Louisiana",1976,6.64166666666667
"Louisiana",1977,6.93333333333333
"Louisiana",1978,6.8
"Louisiana",1979,6.65
"Louisiana",1980,7.05
"Louisiana",1981,8.44166666666667
"Louisiana",1982,10.2166666666667
"Louisiana",1983,11.55
"Louisiana",1984,10.2083333333333
"Louisiana",1985,11.4416666666667
"Louisiana",1986,12.5166666666667
"Louisiana",1987,11.825
"Louisiana",1988,10.5916666666667
"Louisiana",1989,7.85833333333333
"Louisiana",1990,6.23333333333333
"Louisiana",1991,7.24166666666667
"Louisiana",1992,7.83333333333333
"Louisiana",1993,7.45833333333333
"Louisiana",1994,7.65
"Louisiana",1995,6.86666666666667
"Louisiana",1996,6.45833333333333
"Louisiana",1997,5.88333333333333
"Louisiana",1998,5.51666666666667
"Louisiana",1999,4.975
"Louisiana",2000,5.15
"Louisiana",2001,5.6
"Louisiana",2002,5.99166666666667
"Louisiana",2003,6.28333333333333
"Louisiana",2004,5.7
"Louisiana",2005,7.05833333333333
"Louisiana",2006,4.13333333333333
"Louisiana",2007,4.09166666666667
"Louisiana",2008,4.66666666666667
"Louisiana",2009,6.79166666666667
"Louisiana",2010,7.51666666666667
"Louisiana",2011,7.43333333333333
"Louisiana",2012,6.76666666666667
"Louisiana",2013,6.41666666666667
"Louisiana",2014,6.25
"Louisiana",2015,6.29166666666667
"Louisiana",2016,6.06666666666667
"Louisiana",2017,5.10833333333333
"Louisiana",2018,4.825
"Louisiana",2019,4.625
"Louisiana",2020,8.69166666666667
"Louisiana",2021,5.6
"Louisiana",2022,3.63333333333333
"Louisiana",2023,3.64166666666667
"Louisiana",2024,4.09
"Massachusetts",1976,9.74166666666667
"Massachusetts",1977,7.86666666666667
"Massachusetts",1978,6.15833333333333
"Massachusetts",1979,5.48333333333333
"Massachusetts",1980,5.76666666666667
"Massachusetts",1981,6.39166666666667
"Massachusetts",1982,7.79166666666667
"Massachusetts",1983,6.93333333333333
"Massachusetts",1984,4.775
"Massachusetts",1985,4.15
"Massachusetts",1986,4
"Massachusetts",1987,3.34166666666667
"Massachusetts",1988,3.30833333333333
"Massachusetts",1989,4.225
"Massachusetts",1990,6.38333333333333
"Massachusetts",1991,8.85833333333333
"Massachusetts",1992,8.775
"Massachusetts",1993,7.3
"Massachusetts",1994,6.23333333333333
"Massachusetts",1995,5.45833333333333
"Massachusetts",1996,4.61666666666667
"Massachusetts",1997,4.05833333333333
"Massachusetts",1998,3.375
"Massachusetts",1999,3.28333333333333
"Massachusetts",2000,2.81666666666667
"Massachusetts",2001,3.78333333333333
"Massachusetts",2002,5.21666666666667
"Massachusetts",2003,5.73333333333333
"Massachusetts",2004,5.10833333333333
"Massachusetts",2005,4.8
"Massachusetts",2006,4.7
"Massachusetts",2007,4.51666666666667
"Massachusetts",2008,5.33333333333333
"Massachusetts",2009,8.075
"Massachusetts",2010,8.05833333333333
"Massachusetts",2011,7.225
"Massachusetts",2012,6.7
"Massachusetts",2013,6.64166666666667
"Massachusetts",2014,5.74166666666667
"Massachusetts",2015,4.79166666666667
"Massachusetts",2016,4.04166666666667
"Massachusetts",2017,3.79166666666667
"Massachusetts",2018,3.475
"Massachusetts",2019,3.025
"Massachusetts",2020,9.375
"Massachusetts",2021,5.4
"Massachusetts",2022,3.65833333333333
"Massachusetts",2023,3.34166666666667
"Massachusetts",2024,3.28
"Maryland",1976,6.55
"Maryland",1977,6.10833333333333
"Maryland",1978,5.60833333333333
"Maryland",1979,5.775
"Maryland",1980,6.6
"Maryland",1981,7.08333333333333
"Maryland",1982,8.25833333333333
"Maryland",1983,6.93333333333333
"Maryland",1984,5.34166666666667
"Maryland",1985,4.625
"Maryland",1986,4.55
"Maryland",1987,4.30833333333333
"Maryland",1988,4.175
"Maryland",1989,3.79166666666667
"Maryland",1990,4.325
"Maryland",1991,5.94166666666667
"Maryland",1992,6.53333333333333
"Maryland",1993,5.99166666666667
"Maryland",1994,5.2
"Maryland",1995,4.98333333333333
"Maryland",1996,4.93333333333333
"Maryland",1997,4.80833333333333
"Maryland",1998,4.24166666666667
"Maryland",1999,3.45833333333333
"Maryland",2000,3.51666666666667
"Maryland",2001,4.20833333333333
"Maryland",2002,4.775
"Maryland",2003,4.8
"Maryland",2004,4.61666666666667
"Maryland",2005,4.475
"Maryland",2006,4.175
"Maryland",2007,3.73333333333333
"Maryland",2008,4.525
"Maryland",2009,7.55
"Maryland",2010,7.825
"Maryland",2011,7.31666666666667
"Maryland",2012,6.86666666666667
"Maryland",2013,6.51666666666667
"Maryland",2014,5.73333333333333
"Maryland",2015,4.99166666666667
"Maryland",2016,4.29166666666667
"Maryland",2017,4
"Maryland",2018,3.81666666666667
"Maryland",2019,3.375
"Maryland",2020,6.46666666666667
"Maryland",2021,5.225
"Maryland",2022,2.98333333333333
"Maryland",2023,2.1
"Maryland",2024,2.69
"Maine",1976,8.65
"Maine",1977,8.35833333333333
"Maine",1978,6.41666666666667
"Maine",1979,6.625
"Maine",1980,7.475
"Maine",1981,7.24166666666667
"Maine",1982,8.58333333333333
"Maine",1983,8.28333333333333
"Maine",1984,6.125
"Maine",1985,5.55833333333333
"Maine",1986,5.275
"Maine",1987,4.36666666666667
"Maine",1988,3.68333333333333
"Maine",1989,4.00833333333333
"Maine",1990,5.35833333333333
"Maine",1991,7.78333333333333
"Maine",1992,7.33333333333333
"Maine",1993,6.81666666666667
"Maine",1994,6.56666666666667
"Maine",1995,5.875
"Maine",1996,5.325
"Maine",1997,5.19166666666667
"Maine",1998,4.45833333333333
"Maine",1999,4.00833333333333
"Maine",2000,3.33333333333333
"Maine",2001,3.75
"Maine",2002,4.45833333333333
"Maine",2003,5.15
"Maine",2004,4.65833333333333
"Maine",2005,4.89166666666667
"Maine",2006,4.71666666666667
"Maine",2007,4.69166666666667
"Maine",2008,5.4
"Maine",2009,8.39166666666667
"Maine",2010,8.41666666666667
"Maine",2011,7.725
"Maine",2012,7.19166666666667
"Maine",2013,6.68333333333333
"Maine",2014,5.55833333333333
"Maine",2015,4.38333333333333
"Maine",2016,3.775
"Maine",2017,3.35833333333333
"Maine",2018,3.175
"Maine",2019,2.90833333333333
"Maine",2020,5.11666666666667
"Maine",2021,4.66666666666667
"Maine",2022,2.85
"Maine",2023,2.83333333333333
"Maine",2024,3.03
"Michigan",1976,9.4
"Michigan",1977,8.225
"Michigan",1978,7.03333333333333
"Michigan",1979,7.86666666666667
"Michigan",1980,12.3
"Michigan",1981,12.375
"Michigan",1982,15.4583333333333
"Michigan",1983,14.4833333333333
"Michigan",1984,11.2333333333333
"Michigan",1985,10
"Michigan",1986,8.90833333333333
"Michigan",1987,8.39166666666667
"Michigan",1988,7.56666666666667
"Michigan",1989,7.18333333333333
"Michigan",1990,7.7
"Michigan",1991,9.28333333333333
"Michigan",1992,9.06666666666667
"Michigan",1993,7.35
"Michigan",1994,6.08333333333333
"Michigan",1995,5.31666666666667
"Michigan",1996,4.89166666666667
"Michigan",1997,4.29166666666667
"Michigan",1998,3.975
"Michigan",1999,3.74166666666667
"Michigan",2000,3.69166666666667
"Michigan",2001,5.15833333333333
"Michigan",2002,6.19166666666667
"Michigan",2003,7.09166666666667
"Michigan",2004,6.95
"Michigan",2005,6.79166666666667
"Michigan",2006,7.03333333333333
"Michigan",2007,7.08333333333333
"Michigan",2008,8.21666666666667
"Michigan",2009,13.1333333333333
"Michigan",2010,12.1916666666667
"Michigan",2011,10.0083333333333
"Michigan",2012,9.05833333333333
"Michigan",2013,8.725
"Michigan",2014,7.23333333333333
"Michigan",2015,5.425
"Michigan",2016,5.00833333333333
"Michigan",2017,4.575
"Michigan",2018,4.15833333333333
"Michigan",2019,4.05
"Michigan",2020,10.05
"Michigan",2021,5.76666666666667
"Michigan",2022,4.13333333333333
"Michigan",2023,3.89166666666667
"Michigan",2024,4.18
"Minnesota",1976,5.8
"Minnesota",1977,5.275
"Minnesota",1978,3.90833333333333
"Minnesota",1979,4.325
"Minnesota",1980,5.75833333333333
"Minnesota",1981,5.75833333333333
"Minnesota",1982,7.925
"Minnesota",1983,7.925
"Minnesota",1984,6.29166666666667
"Minnesota",1985,6.025
"Minnesota",1986,5.58333333333333
"Minnesota",1987,5.08333333333333
"Minnesota",1988,4.31666666666667
"Minnesota",1989,4.35
"Minnesota",1990,4.70833333333333
"Minnesota",1991,5.10833333333333
"Minnesota",1992,5.03333333333333
"Minnesota",1993,4.84166666666667
"Minnesota",1994,4.01666666666667
"Minnesota",1995,3.66666666666667
"Minnesota",1996,3.78333333333333
"Minnesota",1997,3.225
"Minnesota",1998,2.675
"Minnesota",1999,2.70833333333333
"Minnesota",2000,3.03333333333333
"Minnesota",2001,3.775
"Minnesota",2002,4.46666666666667
"Minnesota",2003,4.78333333333333
"Minnesota",2004,4.58333333333333
"Minnesota",2005,4.1
"Minnesota",2006,4.05833333333333
"Minnesota",2007,4.58333333333333
"Minnesota",2008,5.43333333333333
"Minnesota",2009,7.90833333333333
"Minnesota",2010,7.39166666666667
"Minnesota",2011,6.525
"Minnesota",2012,5.65
"Minnesota",2013,5.04166666666667
"Minnesota",2014,4.26666666666667
"Minnesota",2015,3.79166666666667
"Minnesota",2016,3.875
"Minnesota",2017,3.48333333333333
"Minnesota",2018,3.025
"Minnesota",2019,3.275
"Minnesota",2020,6.28333333333333
"Minnesota",2021,3.7
"Minnesota",2022,2.53333333333333
"Minnesota",2023,2.825
"Minnesota",2024,2.98
"Missouri",1976,6.18333333333333
"Missouri",1977,6.01666666666667
"Missouri",1978,4.9
"Missouri",1979,4.79166666666667
"Missouri",1980,7.18333333333333
"Missouri",1981,7.70833333333333
"Missouri",1982,9.26666666666667
"Missouri",1983,9.95833333333333
"Missouri",1984,7.375
"Missouri",1985,6.61666666666667
"Missouri",1986,6.39166666666667
"Missouri",1987,6.25
"Missouri",1988,5.7
"Missouri",1989,5.55
"Missouri",1990,5.91666666666667
"Missouri",1991,6.56666666666667
"Missouri",1992,6.175
"Missouri",1993,6.225
"Missouri",1994,5.175
"Missouri",1995,4.825
"Missouri",1996,4.70833333333333
"Missouri",1997,4.35
"Missouri",1998,4.03333333333333
"Missouri",1999,3.23333333333333
"Missouri",2000,3.41666666666667
"Missouri",2001,4.49166666666667
"Missouri",2002,5.28333333333333
"Missouri",2003,5.65833333333333
"Missouri",2004,5.875
"Missouri",2005,5.4
"Missouri",2006,4.875
"Missouri",2007,5.08333333333333
"Missouri",2008,6.21666666666667
"Missouri",2009,9.025
"Missouri",2010,9.50833333333333
"Missouri",2011,8.64166666666667
"Missouri",2012,7.19166666666667
"Missouri",2013,6.775
"Missouri",2014,6.15
"Missouri",2015,5.10833333333333
"Missouri",2016,4.55
"Missouri",2017,3.74166666666667
"Missouri",2018,3.24166666666667
"Missouri",2019,3.25
"Missouri",2020,6.21666666666667
"Missouri",2021,4.14166666666667
"Missouri",2022,2.6
"Missouri",2023,3.05833333333333
"Missouri",2024,3.59
"Mississippi",1976,6.49166666666667
"Mississippi",1977,7.20833333333333
"Mississippi",1978,6.75
"Mississippi",1979,5.73333333333333
"Mississippi",1980,7.4
"Mississippi",1981,8.51666666666667
"Mississippi",1982,11.0083333333333
"Mississippi",1983,11.9666666666667
"Mississippi",1984,10.6166666666667
"Mississippi",1985,10.4333333333333
"Mississippi",1986,11.425
"Mississippi",1987,10.05
"Mississippi",1988,8.55
"Mississippi",1989,7.90833333333333
"Mississippi",1990,7.58333333333333
"Mississippi",1991,8.39166666666667
"Mississippi",1992,7.975
"Mississippi",1993,6.73333333333333
"Mississippi",1994,6.29166666666667
"Mississippi",1995,6.2
"Mississippi",1996,5.99166666666667
"Mississippi",1997,5.7
"Mississippi",1998,5.24166666666667
"Mississippi",1999,5.10833333333333
"Mississippi",2000,5.325
"Mississippi",2001,5.49166666666667
"Mississippi",2002,6.425
"Mississippi",2003,6.14166666666667
"Mississippi",2004,6.15833333333333
"Mississippi",2005,7.6
"Mississippi",2006,6.375
"Mississippi",2007,6.15
"Mississippi",2008,6.70833333333333
"Mississippi",2009,9.35833333333333
"Mississippi",2010,10.0833333333333
"Mississippi",2011,9.775
"Mississippi",2012,8.825
"Mississippi",2013,8.49166666666667
"Mississippi",2014,7.59166666666667
"Mississippi",2015,6.48333333333333
"Mississippi",2016,5.96666666666667
"Mississippi",2017,5.23333333333333
"Mississippi",2018,4.95833333333333
"Mississippi",2019,5.5
"Mississippi",2020,8.03333333333333
"Mississippi",2021,5.45833333333333
"Mississippi",2022,3.78333333333333
"Mississippi",2023,3.2
"Mississippi",2024,2.88
"Montana",1976,5.875
"Montana",1977,6.15
"Montana",1978,5.56666666666667
"Montana",1979,5.20833333333333
"Montana",1980,6.31666666666667
"Montana",1981,6.725
"Montana",1982,8.60833333333333
"Montana",1983,8.74166666666667
"Montana",1984,7.50833333333333
"Montana",1985,7.66666666666667
"Montana",1986,7.95
"Montana",1987,7.46666666666667
"Montana",1988,6.63333333333333
"Montana",1989,5.95833333333333
"Montana",1990,6.05833333333333
"Montana",1991,6.93333333333333
"Montana",1992,6.70833333333333
"Montana",1993,6.11666666666667
"Montana",1994,5.49166666666667
"Montana",1995,5.70833333333333
"Montana",1996,5.55833333333333
"Montana",1997,5.5
"Montana",1998,5.60833333333333
"Montana",1999,5.30833333333333
"Montana",2000,4.83333333333333
"Montana",2001,4.60833333333333
"Montana",2002,4.55
"Montana",2003,4.74166666666667
"Montana",2004,4.50833333333333
"Montana",2005,4.06666666666667
"Montana",2006,3.34166666666667
"Montana",2007,3.35833333333333
"Montana",2008,4.725
"Montana",2009,7.11666666666667
"Montana",2010,7.18333333333333
"Montana",2011,6.625
"Montana",2012,5.8
"Montana",2013,5.34166666666667
"Montana",2014,4.66666666666667
"Montana",2015,4.29166666666667
"Montana",2016,4.325
"Montana",2017,4.09166666666667
"Montana",2018,3.75
"Montana",2019,3.5
"Montana",2020,5.84166666666667
"Montana",2021,3.4
"Montana",2022,2.68333333333333
"Montana",2023,2.85833333333333
"Montana",2024,3.22
"North Carolina",1976,6.19166666666667
"North Carolina",1977,5.89166666666667
"North Carolina",1978,4.54166666666667
"North Carolina",1979,4.83333333333333
"North Carolina",1980,6.425
"North Carolina",1981,6.425
"North Carolina",1982,9.24166666666667
"North Carolina",1983,8.88333333333333
"North Carolina",1984,6.575
"North Carolina",1985,5.65
"North Carolina",1986,5.30833333333333
"North Carolina",1987,4.55833333333333
"North Carolina",1988,3.7
"North Carolina",1989,3.56666666666667
"North Carolina",1990,4.11666666666667
"North Carolina",1991,5.90833333333333
"North Carolina",1992,6.25
"North Carolina",1993,5.11666666666667
"North Carolina",1994,4.41666666666667
"North Carolina",1995,4.35833333333333
"North Carolina",1996,4.34166666666667
"North Carolina",1997,3.83333333333333
"North Carolina",1998,3.53333333333333
"North Carolina",1999,3.28333333333333
"North Carolina",2000,3.75833333333333
"North Carolina",2001,5.625
"North Carolina",2002,6.925
"North Carolina",2003,6.71666666666667
"North Carolina",2004,5.85833333333333
"North Carolina",2005,5.6
"North Carolina",2006,5.13333333333333
"North Carolina",2007,5.09166666666667
"North Carolina",2008,6.20833333333333
"North Carolina",2009,11.0333333333333
"North Carolina",2010,10.7166666666667
"North Carolina",2011,10.2333333333333
"North Carolina",2012,9.51666666666667
"North Carolina",2013,7.73333333333333
"North Carolina",2014,6.10833333333333
"North Carolina",2015,5.65833333333333
"North Carolina",2016,5.1
"North Carolina",2017,4.525
"North Carolina",2018,3.99166666666667
"North Carolina",2019,3.88333333333333
"North Carolina",2020,7.28333333333333
"North Carolina",2021,4.88333333333333
"North Carolina",2022,3.68333333333333
"North Carolina",2023,3.45833333333333
"North Carolina",2024,3.62
"North Dakota",1976,3.75833333333333
"North Dakota",1977,4.44166666666667
"North Dakota",1978,4.13333333333333
"North Dakota",1979,4.18333333333333
"North Dakota",1980,4.89166666666667
"North Dakota",1981,4.925
"North Dakota",1982,5.59166666666667
"North Dakota",1983,5.875
"North Dakota",1984,5.35
"North Dakota",1985,5.45833333333333
"North Dakota",1986,5.55
"North Dakota",1987,4.95
"North Dakota",1988,4.6
"North Dakota",1989,4.28333333333333
"North Dakota",1990,4.13333333333333
"North Dakota",1991,4.36666666666667
"North Dakota",1992,4.56666666666667
"North Dakota",1993,4.275
"North Dakota",1994,3.70833333333333
"North Dakota",1995,3.31666666666667
"North Dakota",1996,3.14166666666667
"North Dakota",1997,2.95
"North Dakota",1998,2.95
"North Dakota",1999,3.14166666666667
"North Dakota",2000,2.925
"North Dakota",2001,2.83333333333333
"North Dakota",2002,3.375
"North Dakota",2003,3.475
"North Dakota",2004,3.38333333333333
"North Dakota",2005,3.30833333333333
"North Dakota",2006,3.1
"North Dakota",2007,3.01666666666667
"North Dakota",2008,3.10833333333333
"North Dakota",2009,3.91666666666667
"North Dakota",2010,3.69166666666667
"North Dakota",2011,3.35833333333333
"North Dakota",2012,2.93333333333333
"North Dakota",2013,2.89166666666667
"North Dakota",2014,2.61666666666667
"North Dakota",2015,2.78333333333333
"North Dakota",2016,3.1
"North Dakota",2017,2.60833333333333
"North Dakota",2018,2.40833333333333
"North Dakota",2019,2.14166666666667
"North Dakota",2020,4.95
"North Dakota",2021,3
"North Dakota",2022,2
"North Dakota",2023,1.88333333333333
"North Dakota",2024,2.12
"Nebraska",1976,3.15
"Nebraska",1977,3.36666666666667
"Nebraska",1978,2.96666666666667
"Nebraska",1979,2.85
"Nebraska",1980,3.80833333333333
"Nebraska",1981,4.125
"Nebraska",1982,5.5
"Nebraska",1983,5.56666666666667
"Nebraska",1984,4.49166666666667
"Nebraska",1985,5.05
"Nebraska",1986,4.83333333333333
"Nebraska",1987,4.20833333333333
"Nebraska",1988,3.44166666666667
"Nebraska",1989,2.85833333333333
"Nebraska",1990,2.375
"Nebraska",1991,2.65833333333333
"Nebraska",1992,2.86666666666667
"Nebraska",1993,2.76666666666667
"Nebraska",1994,2.61666666666667
"Nebraska",1995,2.63333333333333
"Nebraska",1996,2.66666666666667
"Nebraska",1997,2.40833333333333
"Nebraska",1998,2.50833333333333
"Nebraska",1999,2.71666666666667
"Nebraska",2000,2.79166666666667
"Nebraska",2001,3.15
"Nebraska",2002,3.68333333333333
"Nebraska",2003,3.94166666666667
"Nebraska",2004,3.90833333333333
"Nebraska",2005,3.75833333333333
"Nebraska",2006,3.04166666666667
"Nebraska",2007,2.925
"Nebraska",2008,3.25833333333333
"Nebraska",2009,4.65833333333333
"Nebraska",2010,4.7
"Nebraska",2011,4.4
"Nebraska",2012,3.88333333333333
"Nebraska",2013,3.675
"Nebraska",2014,3.25
"Nebraska",2015,2.98333333333333
"Nebraska",2016,3.06666666666667
"Nebraska",2017,2.975
"Nebraska",2018,2.925
"Nebraska",2019,3.125
"Nebraska",2020,4.275
"Nebraska",2021,2.58333333333333
"Nebraska",2022,2.14166666666667
"Nebraska",2023,2.26666666666667
"Nebraska",2024,2.58
"New Hampshire",1976,6.425
"New Hampshire",1977,5.56666666666667
"New Hampshire",1978,3.81666666666667
"New Hampshire",1979,3.13333333333333
"New Hampshire",1980,4.50833333333333
"New Hampshire",1981,5.05833333333333
"New Hampshire",1982,6.86666666666667
"New Hampshire",1983,5.5
"New Hampshire",1984,4.2
"New Hampshire",1985,3.65833333333333
"New Hampshire",1986,2.65833333333333
"New Hampshire",1987,2.20833333333333
"New Hampshire",1988,2.375
"New Hampshire",1989,3.34166666666667
"New Hampshire",1990,5.275
"New Hampshire",1991,6.8
"New Hampshire",1992,7.3
"New Hampshire",1993,6.1
"New Hampshire",1994,4.49166666666667
"New Hampshire",1995,3.825
"New Hampshire",1996,3.74166666666667
"New Hampshire",1997,3.36666666666667
"New Hampshire",1998,2.83333333333333
"New Hampshire",1999,2.75
"New Hampshire",2000,2.65
"New Hampshire",2001,3.39166666666667
"New Hampshire",2002,4.49166666666667
"New Hampshire",2003,4.46666666666667
"New Hampshire",2004,3.8
"New Hampshire",2005,3.625
"New Hampshire",2006,3.53333333333333
"New Hampshire",2007,3.525
"New Hampshire",2008,3.76666666666667
"New Hampshire",2009,6.14166666666667
"New Hampshire",2010,6.08333333333333
"New Hampshire",2011,5.45
"New Hampshire",2012,5.46666666666667
"New Hampshire",2013,5.25
"New Hampshire",2014,4.325
"New Hampshire",2015,3.39166666666667
"New Hampshire",2016,2.88333333333333
"New Hampshire",2017,2.80833333333333
"New Hampshire",2018,2.625
"New Hampshire",2019,2.575
"New Hampshire",2020,6.74166666666667
"New Hampshire",2021,3.40833333333333
"New Hampshire",2022,2.275
"New Hampshire",2023,2.16666666666667
"New Hampshire",2024,2.55
"New Jersey",1976,10.3916666666667
"New Jersey",1977,9.30833333333333
"New Jersey",1978,7.25833333333333
"New Jersey",1979,6.86666666666667
"New Jersey",1980,7.14166666666667
"New Jersey",1981,7.53333333333333
"New Jersey",1982,8.7
"New Jersey",1983,8.19166666666667
"New Jersey",1984,6.28333333333333
"New Jersey",1985,5.63333333333333
"New Jersey",1986,5.025
"New Jersey",1987,4.03333333333333
"New Jersey",1988,3.775
"New Jersey",1989,4.04166666666667
"New Jersey",1990,5.05833333333333
"New Jersey",1991,6.78333333333333
"New Jersey",1992,8.5
"New Jersey",1993,7.75
"New Jersey",1994,6.83333333333333
"New Jersey",1995,6.40833333333333
"New Jersey",1996,6.15
"New Jersey",1997,5.31666666666667
"New Jersey",1998,4.59166666666667
"New Jersey",1999,4.4
"New Jersey",2000,3.65833333333333
"New Jersey",2001,4.25833333333333
"New Jersey",2002,5.775
"New Jersey",2003,5.825
"New Jersey",2004,4.925
"New Jersey",2005,4.44166666666667
"New Jersey",2006,4.63333333333333
"New Jersey",2007,4.225
"New Jersey",2008,5.45
"New Jersey",2009,8.95833333333333
"New Jersey",2010,9.65833333333333
"New Jersey",2011,9.35
"New Jersey",2012,9.38333333333333
"New Jersey",2013,8.375
"New Jersey",2014,6.73333333333333
"New Jersey",2015,5.71666666666667
"New Jersey",2016,4.94166666666667
"New Jersey",2017,4.53333333333333
"New Jersey",2018,4
"New Jersey",2019,3.46666666666667
"New Jersey",2020,9.46666666666667
"New Jersey",2021,6.68333333333333
"New Jersey",2022,3.88333333333333
"New Jersey",2023,4.43333333333333
"New Jersey",2024,4.76
"New Mexico",1976,8.71666666666667
"New Mexico",1977,7.73333333333333
"New Mexico",1978,6.19166666666667
"New Mexico",1979,6.66666666666667
"New Mexico",1980,7.60833333333333
"New Mexico",1981,7.225
"New Mexico",1982,9.03333333333333
"New Mexico",1983,9.70833333333333
"New Mexico",1984,7.71666666666667
"New Mexico",1985,8.575
"New Mexico",1986,9.23333333333333
"New Mexico",1987,8.925
"New Mexico",1988,7.59166666666667
"New Mexico",1989,6.75
"New Mexico",1990,6.675
"New Mexico",1991,7.26666666666667
"New Mexico",1992,7.31666666666667
"New Mexico",1993,7.28333333333333
"New Mexico",1994,6.53333333333333
"New Mexico",1995,6.65
"New Mexico",1996,7.48333333333333
"New Mexico",1997,6.43333333333333
"New Mexico",1998,6.24166666666667
"New Mexico",1999,5.6
"New Mexico",2000,5.025
"New Mexico",2001,4.95833333333333
"New Mexico",2002,5.48333333333333
"New Mexico",2003,5.9
"New Mexico",2004,5.55833333333333
"New Mexico",2005,5.18333333333333
"New Mexico",2006,4.23333333333333
"New Mexico",2007,3.59166666666667
"New Mexico",2008,4.3
"New Mexico",2009,7.05
"New Mexico",2010,7.775
"New Mexico",2011,7.21666666666667
"New Mexico",2012,6.96666666666667
"New Mexico",2013,6.90833333333333
"New Mexico",2014,6.59166666666667
"New Mexico",2015,6.6
"New Mexico",2016,6.75
"New Mexico",2017,6.04166666666667
"New Mexico",2018,4.925
"New Mexico",2019,4.95833333333333
"New Mexico",2020,7.925
"New Mexico",2021,7.06666666666667
"New Mexico",2022,4.05833333333333
"New Mexico",2023,3.75
"New Mexico",2024,3.98
"Nevada",1976,8.825
"Nevada",1977,6.76666666666667
"Nevada",1978,4.41666666666667
"Nevada",1979,4.86666666666667
"Nevada",1980,6.31666666666667
"Nevada",1981,7.31666666666667
"Nevada",1982,10.05
"Nevada",1983,9.84166666666667
"Nevada",1984,7.65833333333333
"Nevada",1985,7.475
"Nevada",1986,6.38333333333333
"Nevada",1987,6.2
"Nevada",1988,5.24166666666667
"Nevada",1989,4.65833333333333
"Nevada",1990,4.7
"Nevada",1991,5.9
"Nevada",1992,6.8
"Nevada",1993,6.9
"Nevada",1994,6.24166666666667
"Nevada",1995,5.56666666666667
"Nevada",1996,5.05833333333333
"Nevada",1997,4.375
"Nevada",1998,4.175
"Nevada",1999,3.96666666666667
"Nevada",2000,4.11666666666667
"Nevada",2001,5.19166666666667
"Nevada",2002,5.68333333333333
"Nevada",2003,5.28333333333333
"Nevada",2004,4.45833333333333
"Nevada",2005,4.125
"Nevada",2006,4.06666666666667
"Nevada",2007,4.59166666666667
"Nevada",2008,6.88333333333333
"Nevada",2009,11.725
"Nevada",2010,13.7333333333333
"Nevada",2011,13.3166666666667
"Nevada",2012,11.6083333333333
"Nevada",2013,9.96666666666667
"Nevada",2014,8.15833333333333
"Nevada",2015,6.85
"Nevada",2016,5.80833333333333
"Nevada",2017,4.98333333333333
"Nevada",2018,4.38333333333333
"Nevada",2019,4.15
"Nevada",2020,13.7166666666667
"Nevada",2021,6.83333333333333
"Nevada",2022,5.2
"Nevada",2023,5.14166666666667
"Nevada",2024,5.32
"New York",1976,10.2083333333333
"New York",1977,9.16666666666667
"New York",1978,7.70833333333333
"New York",1979,7.1
"New York",1980,7.43333333333333
"New York",1981,7.55833333333333
"New York",1982,8.7
"New York",1983,8.88333333333333
"New York",1984,7.225
"New York",1985,6.6
"New York",1986,6.21666666666667
"New York",1987,4.79166666666667
"New York",1988,4.23333333333333
"New York",1989,4.86666666666667
"New York",1990,5.35
"New York",1991,7.30833333333333
"New York",1992,8.68333333333333
"New York",1993,7.925
"New York",1994,6.91666666666667
"New York",1995,6.33333333333333
"New York",1996,6.25833333333333
"New York",1997,6.4
"New York",1998,5.6
"New York",1999,5.18333333333333
"New York",2000,4.50833333333333
"New York",2001,4.875
"New York",2002,6.2
"New York",2003,6.4
"New York",2004,5.79166666666667
"New York",2005,4.95833333333333
"New York",2006,4.53333333333333
"New York",2007,4.43333333333333
"New York",2008,5.40833333333333
"New York",2009,8.36666666666667
"New York",2010,8.71666666666667
"New York",2011,8.35833333333333
"New York",2012,8.625
"New York",2013,7.79166666666667
"New York",2014,6.29166666666667
"New York",2015,5.23333333333333
"New York",2016,4.875
"New York",2017,4.63333333333333
"New York",2018,4.1
"New York",2019,3.85833333333333
"New York",2020,9.89166666666667
"New York",2021,7.09166666666667
"New York",2022,4.325
"New York",2023,4.20833333333333
"New York",2024,4.33
"Ohio",1976,7.725
"Ohio",1977,6.45833333333333
"Ohio",1978,5.51666666666667
"Ohio",1979,5.86666666666667
"Ohio",1980,8.31666666666667
"Ohio",1981,9.56666666666667
"Ohio",1982,12.575
"Ohio",1983,12.35
"Ohio",1984,9.46666666666667
"Ohio",1985,8.91666666666667
"Ohio",1986,8.31666666666667
"Ohio",1987,7.10833333333333
"Ohio",1988,6.01666666666667
"Ohio",1989,5.575
"Ohio",1990,5.79166666666667
"Ohio",1991,6.53333333333333
"Ohio",1992,7.39166666666667
"Ohio",1993,6.675
"Ohio",1994,5.66666666666667
"Ohio",1995,4.86666666666667
"Ohio",1996,4.99166666666667
"Ohio",1997,4.625
"Ohio",1998,4.35
"Ohio",1999,4.325
"Ohio",2000,4.11666666666667
"Ohio",2001,4.375
"Ohio",2002,5.79166666666667
"Ohio",2003,6.21666666666667
"Ohio",2004,6.25
"Ohio",2005,5.93333333333333
"Ohio",2006,5.41666666666667
"Ohio",2007,5.60833333333333
"Ohio",2008,6.6
"Ohio",2009,10.1416666666667
"Ohio",2010,10.2666666666667
"Ohio",2011,8.81666666666667
"Ohio",2012,7.40833333333333
"Ohio",2013,7.45833333333333
"Ohio",2014,5.8
"Ohio",2015,4.95
"Ohio",2016,5.075
"Ohio",2017,4.96666666666667
"Ohio",2018,4.5
"Ohio",2019,4.175
"Ohio",2020,8.26666666666667
"Ohio",2021,5.15833333333333
"Ohio",2022,3.99166666666667
"Ohio",2023,3.525
"Ohio",2024,4.16
"Oklahoma",1976,5.58333333333333
"Oklahoma",1977,4.76666666666667
"Oklahoma",1978,3.31666666666667
"Oklahoma",1979,3.09166666666667
"Oklahoma",1980,4.125
"Oklahoma",1981,3.56666666666667
"Oklahoma",1982,6.075
"Oklahoma",1983,8.10833333333333
"Oklahoma",1984,6.79166666666667
"Oklahoma",1985,7.08333333333333
"Oklahoma",1986,8.31666666666667
"Oklahoma",1987,7.15833333333333
"Oklahoma",1988,6.31666666666667
"Oklahoma",1989,5.74166666666667
"Oklahoma",1990,5.38333333333333
"Oklahoma",1991,6
"Oklahoma",1992,5.86666666666667
"Oklahoma",1993,5.65
"Oklahoma",1994,5.3
"Oklahoma",1995,4.45833333333333
"Oklahoma",1996,4
"Oklahoma",1997,3.95833333333333
"Oklahoma",1998,4.075
"Oklahoma",1999,3.46666666666667
"Oklahoma",2000,2.99166666666667
"Oklahoma",2001,3.625
"Oklahoma",2002,4.625
"Oklahoma",2003,5.40833333333333
"Oklahoma",2004,4.70833333333333
"Oklahoma",2005,4.325
"Oklahoma",2006,3.91666666666667
"Oklahoma",2007,3.96666666666667
"Oklahoma",2008,3.61666666666667
"Oklahoma",2009,6.55833333333333
"Oklahoma",2010,6.5
"Oklahoma",2011,5.59166666666667
"Oklahoma",2012,5.11666666666667
"Oklahoma",2013,5.11666666666667
"Oklahoma",2014,4.33333333333333
"Oklahoma",2015,4.29166666666667
"Oklahoma",2016,4.65833333333333
"Oklahoma",2017,4.03333333333333
"Oklahoma",2018,3.29166666666667
"Oklahoma",2019,3.125
"Oklahoma",2020,6.30833333333333
"Oklahoma",2021,4.03333333333333
"Oklahoma",2022,3.04166666666667
"Oklahoma",2023,3.21666666666667
"Oklahoma",2024,3.46
"Oregon",1976,9.26666666666667
"Oregon",1977,7.43333333333333
"Oregon",1978,6.11666666666667
"Oregon",1979,6.725
"Oregon",1980,8.41666666666667
"Oregon",1981,9.7
"Oregon",1982,11.3583333333333
"Oregon",1983,10.8333333333333
"Oregon",1984,9.3
"Oregon",1985,8.65833333333333
"Oregon",1986,7.925
"Oregon",1987,6.15833333333333
"Oregon",1988,5.73333333333333
"Oregon",1989,5.33333333333333
"Oregon",1990,5.4
"Oregon",1991,6.2
"Oregon",1992,7.275
"Oregon",1993,6.98333333333333
"Oregon",1994,5.30833333333333
"Oregon",1995,4.76666666666667
"Oregon",1996,5.55833333333333
"Oregon",1997,5.55
"Oregon",1998,5.64166666666667
"Oregon",1999,5.46666666666667
"Oregon",2000,5.19166666666667
"Oregon",2001,6.375
"Oregon",2002,7.475
"Oregon",2003,8.01666666666667
"Oregon",2004,7.34166666666667
"Oregon",2005,6.19166666666667
"Oregon",2006,5.39166666666667
"Oregon",2007,5.15833333333333
"Oregon",2008,6.275
"Oregon",2009,10.7916666666667
"Oregon",2010,10.6916666666667
"Oregon",2011,9.60833333333333
"Oregon",2012,8.80833333333333
"Oregon",2013,7.75
"Oregon",2014,6.64166666666667
"Oregon",2015,5.46666666666667
"Oregon",2016,4.75
"Oregon",2017,4.05833333333333
"Oregon",2018,4.04166666666667
"Oregon",2019,3.725
"Oregon",2020,7.6
"Oregon",2021,5.15
"Oregon",2022,3.91666666666667
"Oregon",2023,3.70833333333333
"Oregon",2024,4.11
"Pennsylvania",1976,8.00833333333333
"Pennsylvania",1977,7.74166666666667
"Pennsylvania",1978,7.00833333333333
"Pennsylvania",1979,6.975
"Pennsylvania",1980,8.14166666666667
"Pennsylvania",1981,8.36666666666667
"Pennsylvania",1982,10.9
"Pennsylvania",1983,11.1083333333333
"Pennsylvania",1984,8.93333333333333
"Pennsylvania",1985,8
"Pennsylvania",1986,6.98333333333333
"Pennsylvania",1987,5.75
"Pennsylvania",1988,5.13333333333333
"Pennsylvania",1989,4.9
"Pennsylvania",1990,5.51666666666667
"Pennsylvania",1991,6.91666666666667
"Pennsylvania",1992,7.45
"Pennsylvania",1993,6.93333333333333
"Pennsylvania",1994,6.31666666666667
"Pennsylvania",1995,5.875
"Pennsylvania",1996,5.49166666666667
"Pennsylvania",1997,5.14166666666667
"Pennsylvania",1998,4.69166666666667
"Pennsylvania",1999,4.49166666666667
"Pennsylvania",2000,4.225
"Pennsylvania",2001,4.80833333333333
"Pennsylvania",2002,5.53333333333333
"Pennsylvania",2003,5.7
"Pennsylvania",2004,5.35833333333333
"Pennsylvania",2005,4.98333333333333
"Pennsylvania",2006,4.70833333333333
"Pennsylvania",2007,4.55833333333333
"Pennsylvania",2008,5.35
"Pennsylvania",2009,7.975
"Pennsylvania",2010,8.16666666666667
"Pennsylvania",2011,7.74166666666667
"Pennsylvania",2012,7.65833333333333
"Pennsylvania",2013,7.1
"Pennsylvania",2014,5.93333333333333
"Pennsylvania",2015,5.39166666666667
"Pennsylvania",2016,5.34166666666667
"Pennsylvania",2017,4.975
"Pennsylvania",2018,4.41666666666667
"Pennsylvania",2019,4.3
"Pennsylvania",2020,8.875
"Pennsylvania",2021,5.925
"Pennsylvania",2022,4.05
"Pennsylvania",2023,3.40833333333333
"Pennsylvania",2024,3.4
"Rhode Island",1976,8.00833333333333
"Rhode Island",1977,8.04166666666667
"Rhode Island",1978,6.30833333333333
"Rhode Island",1979,6.31666666666667
"Rhode Island",1980,7.24166666666667
"Rhode Island",1981,7.55833333333333
"Rhode Island",1982,9.99166666666667
"Rhode Island",1983,8.45833333333333
"Rhode Island",1984,5.31666666666667
"Rhode Island",1985,4.65833333333333
"Rhode Island",1986,4.075
"Rhode Island",1987,3.7
"Rhode Island",1988,2.94166666666667
"Rhode Island",1989,3.9
"Rhode Island",1990,6.25
"Rhode Island",1991,8.41666666666667
"Rhode Island",1992,8.98333333333333
"Rhode Island",1993,7.54166666666667
"Rhode Island",1994,6.63333333333333
"Rhode Island",1995,6.31666666666667
"Rhode Island",1996,5.225
"Rhode Island",1997,5.325
"Rhode Island",1998,4.54166666666667
"Rhode Island",1999,4.2
"Rhode Island",2000,4
"Rhode Island",2001,4.44166666666667
"Rhode Island",2002,5.10833333333333
"Rhode Island",2003,5.575
"Rhode Island",2004,5.25
"Rhode Island",2005,5.10833333333333
"Rhode Island",2006,5.21666666666667
"Rhode Island",2007,5.10833333333333
"Rhode Island",2008,7.6
"Rhode Island",2009,11.3916666666667
"Rhode Island",2010,11.625
"Rhode Island",2011,11.0166666666667
"Rhode Island",2012,10.2166666666667
"Rhode Island",2013,9.475
"Rhode Island",2014,7.76666666666667
"Rhode Island",2015,6.025
"Rhode Island",2016,5.24166666666667
"Rhode Island",2017,4.50833333333333
"Rhode Island",2018,4.03333333333333
"Rhode Island",2019,3.53333333333333
"Rhode Island",2020,9.24166666666667
"Rhode Island",2021,5.51666666666667
"Rhode Island",2022,3.16666666666667
"Rhode Island",2023,2.94166666666667
"Rhode Island",2024,4.26
"South Carolina",1976,7.025
"South Carolina",1977,6.73333333333333
"South Carolina",1978,5.55833333333333
"South Carolina",1979,4.98333333333333
"South Carolina",1980,6.725
"South Carolina",1981,8.15
"South Carolina",1982,10.775
"South Carolina",1983,9.89166666666667
"South Carolina",1984,6.95
"South Carolina",1985,6.8
"South Carolina",1986,6.36666666666667
"South Carolina",1987,5.48333333333333
"South Carolina",1988,4.63333333333333
"South Carolina",1989,4.61666666666667
"South Carolina",1990,4.90833333333333
"South Carolina",1991,6.10833333333333
"South Carolina",1992,6.75
"South Carolina",1993,7.29166666666667
"South Carolina",1994,6.15833333333333
"South Carolina",1995,5.1
"South Carolina",1996,5.66666666666667
"South Carolina",1997,4.5
"South Carolina",1998,3.63333333333333
"South Carolina",1999,4.14166666666667
"South Carolina",2000,3.73333333333333
"South Carolina",2001,5.28333333333333
"South Carolina",2002,6.43333333333333
"South Carolina",2003,7.19166666666667
"South Carolina",2004,7.44166666666667
"South Carolina",2005,7.29166666666667
"South Carolina",2006,6.875
"South Carolina",2007,6.06666666666667
"South Carolina",2008,7.29166666666667
"South Carolina",2009,11.4083333333333
"South Carolina",2010,11.3
"South Carolina",2011,10.45
"South Carolina",2012,9.03333333333333
"South Carolina",2013,7.425
"South Carolina",2014,6.275
"South Carolina",2015,5.9
"South Carolina",2016,4.91666666666667
"South Carolina",2017,4.2
"South Carolina",2018,3.375
"South Carolina",2019,2.76666666666667
"South Carolina",2020,5.96666666666667
"South Carolina",2021,3.94166666666667
"South Carolina",2022,3.20833333333333
"South Carolina",2023,2.95
"South Carolina",2024,3.68
"South Dakota",1976,3.31666666666667
"South Dakota",1977,3.375
"South Dakota",1978,3.15833333333333
"South Dakota",1979,3.35833333333333
"South Dakota",1980,4.71666666666667
"South Dakota",1981,4.80833333333333
"South Dakota",1982,5.425
"South Dakota",1983,5.20833333333333
"South Dakota",1984,4.36666666666667
"South Dakota",1985,4.825
"South Dakota",1986,4.63333333333333
"South Dakota",1987,4.3
"South Dakota",1988,4.09166666666667
"South Dakota",1989,3.85
"South Dakota",1990,3.625
"South Dakota",1991,3.525
"South Dakota",1992,3.475
"South Dakota",1993,3.45833333333333
"South Dakota",1994,3.28333333333333
"South Dakota",1995,3.18333333333333
"South Dakota",1996,3.29166666666667
"South Dakota",1997,2.94166666666667
"South Dakota",1998,2.84166666666667
"South Dakota",1999,2.725
"South Dakota",2000,2.53333333333333
"South Dakota",2001,3
"South Dakota",2002,3.23333333333333
"South Dakota",2003,3.475
"South Dakota",2004,3.60833333333333
"South Dakota",2005,3.55
"South Dakota",2006,3
"South Dakota",2007,2.825
"South Dakota",2008,3.08333333333333
"South Dakota",2009,4.58333333333333
"South Dakota",2010,4.90833333333333
"South Dakota",2011,4.6
"South Dakota",2012,4.05833333333333
"South Dakota",2013,3.7
"South Dakota",2014,3.33333333333333
"South Dakota",2015,3.05
"South Dakota",2016,3.01666666666667
"South Dakota",2017,3.05
"South Dakota",2018,2.79166666666667
"South Dakota",2019,2.76666666666667
"South Dakota",2020,4.18333333333333
"South Dakota",2021,2.61666666666667
"South Dakota",2022,1.99166666666667
"South Dakota",2023,2
"South Dakota",2024,2.02
"Tennessee",1976,6.1
"Tennessee",1977,6.26666666666667
"Tennessee",1978,5.84166666666667
"Tennessee",1979,5.85833333333333
"Tennessee",1980,7.225
"Tennessee",1981,8.9
"Tennessee",1982,11.675
"Tennessee",1983,11.65
"Tennessee",1984,8.84166666666667
"Tennessee",1985,7.91666666666667
"Tennessee",1986,7.9
"Tennessee",1987,6.69166666666667
"Tennessee",1988,5.79166666666667
"Tennessee",1989,5.08333333333333
"Tennessee",1990,5.35
"Tennessee",1991,6.6
"Tennessee",1992,6.45
"Tennessee",1993,5.85
"Tennessee",1994,4.80833333333333
"Tennessee",1995,5.15833333333333
"Tennessee",1996,5.16666666666667
"Tennessee",1997,5.26666666666667
"Tennessee",1998,4.35
"Tennessee",1999,3.95833333333333
"Tennessee",2000,3.86666666666667
"Tennessee",2001,4.51666666666667
"Tennessee",2002,5.125
"Tennessee",2003,5.50833333333333
"Tennessee",2004,5.35
"Tennessee",2005,5.525
"Tennessee",2006,5.275
"Tennessee",2007,4.63333333333333
"Tennessee",2008,6.51666666666667
"Tennessee",2009,10.1166666666667
"Tennessee",2010,9.825
"Tennessee",2011,9.10833333333333
"Tennessee",2012,7.95833333333333
"Tennessee",2013,7.725
"Tennessee",2014,6.6
"Tennessee",2015,5.56666666666667
"Tennessee",2016,4.75833333333333
"Tennessee",2017,3.75
"Tennessee",2018,3.5
"Tennessee",2019,3.33333333333333
"Tennessee",2020,7.50833333333333
"Tennessee",2021,4.46666666666667
"Tennessee",2022,3.38333333333333
"Tennessee",2023,3.29166666666667
"Tennessee",2024,3.17
"Texas",1976,5.81666666666667
"Texas",1977,5.43333333333333
"Texas",1978,4.86666666666667
"Texas",1979,4.41666666666667
"Texas",1980,5.25
"Texas",1981,5.35
"Texas",1982,6.9
"Texas",1983,8.05833333333333
"Texas",1984,6.15833333333333
"Texas",1985,7.025
"Texas",1986,8.75
"Texas",1987,8.50833333333333
"Texas",1988,7.41666666666667
"Texas",1989,6.725
"Texas",1990,6.38333333333333
"Texas",1991,6.98333333333333
"Texas",1992,7.68333333333333
"Texas",1993,7.21666666666667
"Texas",1994,6.56666666666667
"Texas",1995,6.11666666666667
"Texas",1996,5.75
"Texas",1997,5.39166666666667
"Texas",1998,4.96666666666667
"Texas",1999,4.725
"Texas",2000,4.38333333333333
"Texas",2001,4.95833333333333
"Texas",2002,6.35833333333333
"Texas",2003,6.73333333333333
"Texas",2004,6.01666666666667
"Texas",2005,5.45833333333333
"Texas",2006,5
"Texas",2007,4.36666666666667
"Texas",2008,4.86666666666667
"Texas",2009,7.54166666666667
"Texas",2010,8.19166666666667
"Texas",2011,8.01666666666667
"Texas",2012,6.70833333333333
"Texas",2013,6.3
"Texas",2014,5.19166666666667
"Texas",2015,4.48333333333333
"Texas",2016,4.65
"Texas",2017,4.34166666666667
"Texas",2018,3.9
"Texas",2019,3.525
"Texas",2020,7.725
"Texas",2021,5.64166666666667
"Texas",2022,3.94166666666667
"Texas",2023,3.95
"Texas",2024,4.01
"Utah",1976,5.60833333333333
"Utah",1977,5.20833333333333
"Utah",1978,3.86666666666667
"Utah",1979,4.4
"Utah",1980,6.275
"Utah",1981,6.65
"Utah",1982,8.10833333333333
"Utah",1983,9.01666666666667
"Utah",1984,6.56666666666667
"Utah",1985,6.05
"Utah",1986,6.15833333333333
"Utah",1987,6.26666666666667
"Utah",1988,4.95833333333333
"Utah",1989,4.6
"Utah",1990,4.38333333333333
"Utah",1991,4.75833333333333
"Utah",1992,4.875
"Utah",1993,4.05
"Utah",1994,3.74166666666667
"Utah",1995,3.43333333333333
"Utah",1996,3.375
"Utah",1997,3.16666666666667
"Utah",1998,3.55833333333333
"Utah",1999,3.50833333333333
"Utah",2000,3.325
"Utah",2001,4.36666666666667
"Utah",2002,5.66666666666667
"Utah",2003,5.56666666666667
"Utah",2004,5.00833333333333
"Utah",2005,4.04166666666667
"Utah",2006,2.86666666666667
"Utah",2007,2.55833333333333
"Utah",2008,3.34166666666667
"Utah",2009,7.25833333333333
"Utah",2010,7.93333333333333
"Utah",2011,7.05833333333333
"Utah",2012,4.775
"Utah",2013,4.20833333333333
"Utah",2014,3.63333333333333
"Utah",2015,3.50833333333333
"Utah",2016,3.35
"Utah",2017,3.16666666666667
"Utah",2018,2.91666666666667
"Utah",2019,2.54166666666667
"Utah",2020,4.84166666666667
"Utah",2021,2.75833333333333
"Utah",2022,2.35833333333333
"Utah",2023,2.64166666666667
"Utah",2024,3.06
"Virginia",1976,5.86666666666667
"Virginia",1977,5.45
"Virginia",1978,5.275
"Virginia",1979,4.725
"Virginia",1980,5.10833333333333
"Virginia",1981,5.94166666666667
"Virginia",1982,7.40833333333333
"Virginia",1983,6.35
"Virginia",1984,5.06666666666667
"Virginia",1985,5.40833333333333
"Virginia",1986,4.95
"Virginia",1987,4.18333333333333
"Virginia",1988,3.90833333333333
"Virginia",1989,3.89166666666667
"Virginia",1990,4.41666666666667
"Virginia",1991,5.80833333333333
"Virginia",1992,6.15833333333333
"Virginia",1993,5.2
"Virginia",1994,4.8
"Virginia",1995,4.45
"Virginia",1996,4.31666666666667
"Virginia",1997,3.7
"Virginia",1998,2.775
"Virginia",1999,2.7
"Virginia",2000,2.28333333333333
"Virginia",2001,3.28333333333333
"Virginia",2002,4.35833333333333
"Virginia",2003,4.34166666666667
"Virginia",2004,4.08333333333333
"Virginia",2005,3.825
"Virginia",2006,3.34166666666667
"Virginia",2007,3.28333333333333
"Virginia",2008,4.275
"Virginia",2009,6.83333333333333
"Virginia",2010,7.29166666666667
"Virginia",2011,6.54166666666667
"Virginia",2012,5.95
"Virginia",2013,5.55
"Virginia",2014,5.11666666666667
"Virginia",2015,4.36666666666667
"Virginia",2016,4
"Virginia",2017,3.66666666666667
"Virginia",2018,3.00833333333333
"Virginia",2019,2.75833333333333
"Virginia",2020,6.49166666666667
"Virginia",2021,3.85
"Virginia",2022,2.75833333333333
"Virginia",2023,2.85
"Virginia",2024,2.84
"Vermont",1976,8.25833333333333
"Vermont",1977,7.00833333333333
"Vermont",1978,5.65833333333333
"Vermont",1979,4.98333333333333
"Vermont",1980,5.93333333333333
"Vermont",1981,5.85
"Vermont",1982,6.85
"Vermont",1983,6.54166666666667
"Vermont",1984,4.91666666666667
"Vermont",1985,4.58333333333333
"Vermont",1986,4.31666666666667
"Vermont",1987,3.76666666666667
"Vermont",1988,3.00833333333333
"Vermont",1989,3.625
"Vermont",1990,4.70833333333333
"Vermont",1991,5.95833333333333
"Vermont",1992,6.25
"Vermont",1993,5.20833333333333
"Vermont",1994,4.4
"Vermont",1995,4.16666666666667
"Vermont",1996,4.29166666666667
"Vermont",1997,3.94166666666667
"Vermont",1998,3.46666666666667
"Vermont",1999,3.075
"Vermont",2000,2.80833333333333
"Vermont",2001,3.29166666666667
"Vermont",2002,3.83333333333333
"Vermont",2003,4.38333333333333
"Vermont",2004,3.675
"Vermont",2005,3.45
"Vermont",2006,3.71666666666667
"Vermont",2007,3.94166666666667
"Vermont",2008,4.56666666666667
"Vermont",2009,6.16666666666667
"Vermont",2010,6.31666666666667
"Vermont",2011,5.56666666666667
"Vermont",2012,4.81666666666667
"Vermont",2013,4.41666666666667
"Vermont",2014,3.99166666666667
"Vermont",2015,3.53333333333333
"Vermont",2016,3.125
"Vermont",2017,3.00833333333333
"Vermont",2018,2.48333333333333
"Vermont",2019,2.06666666666667
"Vermont",2020,5.65833333333333
"Vermont",2021,3.58333333333333
"Vermont",2022,2.325
"Vermont",2023,2.00833333333333
"Vermont",2024,2.19
"Washington",1976,8.78333333333333
"Washington",1977,8.375
"Washington",1978,6.80833333333333
"Washington",1979,6.79166666666667
"Washington",1980,7.925
"Washington",1981,9.325
"Washington",1982,11.6333333333333
"Washington",1983,11.2
"Washington",1984,9.31666666666667
"Washington",1985,8.24166666666667
"Washington",1986,8.09166666666667
"Washington",1987,7.3
"Washington",1988,6.28333333333333
"Washington",1989,5.91666666666667
"Washington",1990,5.16666666666667
"Washington",1991,6.09166666666667
"Washington",1992,7.19166666666667
"Washington",1993,7.275
"Washington",1994,6.29166666666667
"Washington",1995,6.225
"Washington",1996,5.90833333333333
"Washington",1997,4.94166666666667
"Washington",1998,4.83333333333333
"Washington",1999,4.825
"Washington",2000,5.09166666666667
"Washington",2001,6.00833333333333
"Washington",2002,7.075
"Washington",2003,7.23333333333333
"Washington",2004,6.3
"Washington",2005,5.59166666666667
"Washington",2006,5
"Washington",2007,4.6
"Washington",2008,5.29166666666667
"Washington",2009,8.26666666666667
"Washington",2010,9.13333333333333
"Washington",2011,8.525
"Washington",2012,7.64166666666667
"Washington",2013,6.63333333333333
"Washington",2014,5.925
"Washington",2015,5.43333333333333
"Washington",2016,5.225
"Washington",2017,4.64166666666667
"Washington",2018,4.425
"Washington",2019,4.19166666666667
"Washington",2020,8.53333333333333
"Washington",2021,5.24166666666667
"Washington",2022,4.06666666666667
"Washington",2023,4.075
"Washington",2024,4.78
"Wisconsin",1976,5.50833333333333
"Wisconsin",1977,5.05833333333333
"Wisconsin",1978,4.86666666666667
"Wisconsin",1979,4.53333333333333
"Wisconsin",1980,7.36666666666667
"Wisconsin",1981,7.81666666666667
"Wisconsin",1982,10.3166666666667
"Wisconsin",1983,9.76666666666667
"Wisconsin",1984,7.28333333333333
"Wisconsin",1985,7.125
"Wisconsin",1986,6.78333333333333
"Wisconsin",1987,5.71666666666667
"Wisconsin",1988,4.38333333333333
"Wisconsin",1989,4.28333333333333
"Wisconsin",1990,4.36666666666667
"Wisconsin",1991,5.375
"Wisconsin",1992,5.09166666666667
"Wisconsin",1993,4.375
"Wisconsin",1994,4.2
"Wisconsin",1995,3.71666666666667
"Wisconsin",1996,3.60833333333333
"Wisconsin",1997,3.475
"Wisconsin",1998,3.28333333333333
"Wisconsin",1999,3.075
"Wisconsin",2000,3.39166666666667
"Wisconsin",2001,4.43333333333333
"Wisconsin",2002,5.325
"Wisconsin",2003,5.61666666666667
"Wisconsin",2004,4.975
"Wisconsin",2005,4.74166666666667
"Wisconsin",2006,4.675
"Wisconsin",2007,4.825
"Wisconsin",2008,4.98333333333333
"Wisconsin",2009,8.95833333333333
"Wisconsin",2010,8.5
"Wisconsin",2011,7.53333333333333
"Wisconsin",2012,6.925
"Wisconsin",2013,6.64166666666667
"Wisconsin",2014,5.35
"Wisconsin",2015,4.425
"Wisconsin",2016,3.90833333333333
"Wisconsin",2017,3.25833333333333
"Wisconsin",2018,2.975
"Wisconsin",2019,3.20833333333333
"Wisconsin",2020,6.45833333333333
"Wisconsin",2021,3.85833333333333
"Wisconsin",2022,2.89166666666667
"Wisconsin",2023,3.05
"Wisconsin",2024,2.96
"West Virginia",1976,7.225
"West Virginia",1977,6.91666666666667
"West Virginia",1978,6.34166666666667
"West Virginia",1979,7.325
"West Virginia",1980,10.1333333333333
"West Virginia",1981,10.5916666666667
"West Virginia",1982,14.0416666666667
"West Virginia",1983,17.2333333333333
"West Virginia",1984,14.0916666666667
"West Virginia",1985,13.15
"West Virginia",1986,12.0583333333333
"West Virginia",1987,10.975
"West Virginia",1988,9.94166666666667
"West Virginia",1989,8.73333333333333
"West Virginia",1990,8.625
"West Virginia",1991,10.65
"West Virginia",1992,11.2333333333333
"West Virginia",1993,10.3083333333333
"West Virginia",1994,8.81666666666667
"West Virginia",1995,7.96666666666667
"West Virginia",1996,7.65
"West Virginia",1997,6.98333333333333
"West Virginia",1998,6.68333333333333
"West Virginia",1999,6.45
"West Virginia",2000,5.575
"West Virginia",2001,5.39166666666667
"West Virginia",2002,6.45833333333333
"West Virginia",2003,6.56666666666667
"West Virginia",2004,5.76666666666667
"West Virginia",2005,5.425
"West Virginia",2006,5.2
"West Virginia",2007,4.825
"West Virginia",2008,4.75
"West Virginia",2009,8.3
"West Virginia",2010,8.63333333333333
"West Virginia",2011,7.825
"West Virginia",2012,7.25833333333333
"West Virginia",2013,6.71666666666667
"West Virginia",2014,6.5
"West Virginia",2015,6.58333333333333
"West Virginia",2016,6.09166666666667
"West Virginia",2017,5.20833333333333
"West Virginia",2018,5.16666666666667
"West Virginia",2019,4.925
"West Virginia",2020,8.28333333333333
"West Virginia",2021,5.15
"West Virginia",2022,3.875
"West Virginia",2023,3.90833333333333
"West Virginia",2024,4.23
"Wyoming",1976,3.85833333333333
"Wyoming",1977,3.24166666666667
"Wyoming",1978,2.85833333333333
"Wyoming",1979,2.53333333333333
"Wyoming",1980,3.825
"Wyoming",1981,4.15
"Wyoming",1982,5.96666666666667
"Wyoming",1983,7.95833333333333
"Wyoming",1984,6.30833333333333
"Wyoming",1985,7.01666666666667
"Wyoming",1986,8.60833333333333
"Wyoming",1987,8.03333333333333
"Wyoming",1988,6.43333333333333
"Wyoming",1989,6.075
"Wyoming",1990,5.125
"Wyoming",1991,4.96666666666667
"Wyoming",1992,5.41666666666667
"Wyoming",1993,5.325
"Wyoming",1994,4.88333333333333
"Wyoming",1995,4.78333333333333
"Wyoming",1996,5
"Wyoming",1997,4.78333333333333
"Wyoming",1998,4.79166666666667
"Wyoming",1999,4.70833333333333
"Wyoming",2000,3.75
"Wyoming",2001,3.81666666666667
"Wyoming",2002,4.00833333333333
"Wyoming",2003,4.325
"Wyoming",2004,3.84166666666667
"Wyoming",2005,3.54166666666667
"Wyoming",2006,3.00833333333333
"Wyoming",2007,2.69166666666667
"Wyoming",2008,2.93333333333333
"Wyoming",2009,6.25833333333333
"Wyoming",2010,6.94166666666667
"Wyoming",2011,6.13333333333333
"Wyoming",2012,5.5
"Wyoming",2013,4.73333333333333
"Wyoming",2014,4.34166666666667
"Wyoming",2015,4.20833333333333
"Wyoming",2016,5.33333333333333
"Wyoming",2017,4.325
"Wyoming",2018,4.05833333333333
"Wyoming",2019,3.70833333333333
"Wyoming",2020,5.85833333333333
"Wyoming",2021,4.54166666666667
"Wyoming",2022,3.41666666666667
"Wyoming",2023,2.91666666666667
"Wyoming",2024,2.92
